rank,last_rank,entry,total,event_total,chips_used,chips_left,bank,value,gw_transfers,gw_hit,bench_points,active_chip,captain,vice,autosubs_processed,squad_gw,free_hit_reverted,squad_ids,squad
1,1,m7aa0f2c4,423,65,TC@GW3 FH@GW6,BB WC,1.6,101.5,0,0,0,freehit,Palmer (CHE),João Pedro (CHE),False,7,True,1;8;229;115;388;368;40;154;399;411;346;58;259;212;272,"Raya (ARS), Calafiori (ARS), Tarkowski (EVE), De Cuyper (BHA), Guéhi (MCI), Szoboszlai (LIV), Rogers (CHE), Palmer (CHE), Cherki (MCI), Haaland (MCI), Calvert-Lewin (LEE), Forster (BOU), Diop (IPS), Hughes (CRY), Kusi-Asare (FUL)"
2,3,m70cc7b6a,413,75,FH@GW3 WC@GW5 BB@GW6,TC,0.0,100.8,2,0,0,bboost,João Pedro (CHE),Palmer (CHE),False,7,False,1;8;229;391;115;124;480;15;154;165;411;109;286;277;169,"Raya (ARS), Calafiori (ARS), Tarkowski (EVE), Gvardiol (MCI), De Cuyper (BHA), Groß (BHA), Gibbs-White (NFO), Ødegaard (ARS), Palmer (CHE), João Pedro (CHE), Haaland (MCI), Verbruggen (BHA), Belloumi (HUL), Egan (HUL), Mheuka (CHE)"
3,2,md5c7b575,374,21,BB@GW2 TC@GW3 WC@GW6,FH,0.3,100.1,0,0,0,wildcard,B.Fernandes (MUN),Saka (ARS),False,7,False,1;305;173;566;426;368;12;68;124;411;346;572;112;330;651,"Raya (ARS), Davis (IPS), Thomas (COV), Silva (BOU), B.Fernandes (MUN), Szoboszlai (LIV), Saka (ARS), Tavernier (BOU), Groß (BHA), Haaland (MCI), Calvert-Lewin (LEE), Tzolakis (HUL), Van Hecke (TOT), Bogle (LEE), J.Angulo (SUN)"
4,4,m8ecfbe9b,363,35,TC@GW3,BB FH WC,1.3,99.9,0,0,0,,Haaland (MCI),Cherki (MCI),False,7,False,1;449;115;4;388;455;212;368;399;165;411;57;556;557;552,"Raya (ARS), Hall (NEW), De Cuyper (BHA), Gabriel (ARS), Guéhi (MCI), Tonali (TOT), Hughes (CRY), Szoboszlai (LIV), Cherki (MCI), João Pedro (CHE), Haaland (MCI), Petrović (BOU), Targett (HUL), Tzolis (ARS), Brobbey (SUN)"
5,6,mac751a52,351,47,,BB FH TC WC,0.2,100.5,0,0,0,,Palmer (CHE),Raya (ARS),False,7,False,1;388;356;4;40;427;268;154;379;165;464;57;503;482;32,"Raya (ARS), Guéhi (MCI), Virgil (LIV), Gabriel (ARS), Rogers (CHE), Mbeumo (MUN), King (FUL), Palmer (CHE), Isak (LIV), João Pedro (CHE), Wissa (NEW), Petrović (BOU), Van de Ven (TOT), Hudson-Odoi (NFO), Cash (AVL)"
6,5,m443e673f,347,36,FH@GW3 WC@GW5,BB TC,0.3,100.3,2,0,0,,Haaland (MCI),Palmer (CHE),False,7,False,1;88;229;8;449;368;154;94;40;124;411;572;277;346;194,"Raya (ARS), Kayode (BRE), Tarkowski (EVE), Calafiori (ARS), Hall (NEW), Szoboszlai (LIV), Palmer (CHE), Schade (BRE), Rogers (CHE), Groß (BHA), Haaland (MCI), Tzolakis (HUL), Egan (HUL), Calvert-Lewin (LEE), Thomas-Asante (COV)"
7,8,m6b5b9e77,343,50,BB@GW4 FH@GW5,TC WC,0.2,101.6,0,0,0,,Haaland (MCI),Ødegaard (ARS),False,7,False,1;8;449;115;399;368;15;154;411;165;346;109;259;175;454,"Raya (ARS), Calafiori (ARS), Hall (NEW), De Cuyper (BHA), Cherki (MCI), Szoboszlai (LIV), Ødegaard (ARS), Palmer (CHE), Haaland (MCI), João Pedro (CHE), Calvert-Lewin (LEE), Verbruggen (BHA), Diop (IPS), van Ewijk (COV), Elanga (NEW)"
8,7,mf01a73a8,340,41,WC@GW3,BB FH TC,1.4,101.5,0,0,0,,Haaland (MCI),Saka (ARS),False,7,False,572;173;649;8;229;154;40;12;15;165;411;109;277;51;441,"Tzolakis (HUL), Thomas (COV), Maitland-Niles (EVE), Calafiori (ARS), Tarkowski (EVE), Palmer (CHE), Rogers (CHE), Saka (ARS), Ødegaard (ARS), João Pedro (CHE), Haaland (MCI), Verbruggen (BHA), Egan (HUL), George Hemmings (AVL), Obi (MUN)"
9,10,m05e097b2,325,55,FH@GW3 WC@GW4,BB TC,0.7,100.6,0,0,0,,Palmer (CHE),João Pedro (CHE),False,7,False,57;8;391;356;115;368;154;646;165;411;569;111;279;210;367,"Petrović (BOU), Calafiori (ARS), Gvardiol (MCI), Virgil (LIV), De Cuyper (BHA), Szoboszlai (LIV), Palmer (CHE), Fofana (SUN), João Pedro (CHE), Haaland (MCI), Gonzalo (FUL), Steele (BHA), Ajayi (HUL), Wharton (CRY), Gakpo (LIV)"
10,9,m5cc3fdda,306,28,,BB FH TC WC,0.2,100.0,0,0,0,,Haaland (MCI),Delap (NFO),False,7,False,109;586;418;8;367;15;397;426;411;167;464;495;201;112;51,"Verbruggen (BHA), Mendy (HUL), Maguire (MUN), Calafiori (ARS), Gakpo (LIV), Ødegaard (ARS), Semenyo (MCI), B.Fernandes (MUN), Haaland (MCI), Delap (NFO), Wissa (NEW), Austin (TOT), Muñoz (NFO), Van Hecke (TOT), George Hemmings (AVL)"
11,11,mb3da25ed,287,25,,BB FH TC WC,0.1,99.5,0,0,0,,Palmer (CHE),Cherki (MCI),False,7,False,28;356;4;200;229;154;557;399;368;155;26;57;388;526;223,"Martinez (CHE), Virgil (LIV), Gabriel (ARS), Lacroix (CHE), Tarkowski (EVE), Palmer (CHE), Tzolis (ARS), Cherki (MCI), Szoboszlai (LIV), Enzo (MCI), Havertz (ARS), Petrović (BOU), Guéhi (MCI), Solanke (TOT), Mateta (CRY)"
