id,web_name,team,pos,minutes,total_points,goals_scored,assists,clean_sheets,goals_conceded,bonus,bps,yellow_cards,red_cards,saves,defensive_contribution,expected_goals,expected_assists,expected_goals_conceded
1,Raya,ARS,GK,90,1,0,0,0,3,0,6,0,0,2,0,0.00,0.00,1.31
2,Arrizabalaga,ARS,GK,0,0,0,0,0,0,0,0,0,0,0,0,0.00,0.00,0.00
3,Meslier,ARS,GK,0,0,0,0,0,0,0,0,0,0,0,0,0.00,0.00,0.00
4,Gabriel,ARS,DEF,90,1,0,0,0,3,0,6,0,0,0,9,0.00,0.14,1.31
5,J.Timber,ARS,DEF,59,0,0,0,0,3,0,-6,0,0,0,2,0.00,0.02,0.61
6,Saliba,ARS,DEF,0,0,0,0,0,0,0,0,0,0,0,0,0.00,0.00,0.00
7,Lewis-Skelly,ARS,MID,0,0,0,0,0,0,0,0,0,0,0,0,0.00,0.00,0.00
8,Calafiori,ARS,DEF,90,1,0,0,0,3,0,-3,0,0,0,5,0.07,0.03,1.31
9,Hincapie,ARS,DEF,0,0,0,0,0,0,0,0,0,0,0,0,0.00,0.00,0.00
10,White,ARS,DEF,0,0,0,0,0,0,0,0,0,0,0,0,0.00,0.00,0.00
11,Mosquera,ARS,DEF,0,0,0,0,0,0,0,0,0,0,0,0,0.00,0.00,0.00
12,Saka,ARS,MID,80,2,0,0,0,3,0,14,0,0,0,2,0.34,0.55,1.00
13,Rice,ARS,MID,90,1,0,0,0,3,0,13,1,0,0,8,0.02,0.06,1.31
14,Eze,ARS,MID,17,1,0,0,0,0,0,5,0,0,0,0,0.00,0.02,0.54
15,Ødegaard,ARS,MID,72,2,0,0,0,3,0,10,0,0,0,2,0.07,0.02,0.77
16,Madueke,ARS,MID,0,0,0,0,0,0,0,0,0,0,0,0,0.00,0.00,0.00
17,Merino,ARS,MID,30,1,0,0,0,0,0,4,0,0,0,4,0.00,0.13,0.70
18,Martinelli,ARS,MID,0,0,0,0,0,0,0,0,0,0,0,0,0.00,0.00,0.00
19,Zubimendi,ARS,MID,30,1,0,0,0,0,0,2,0,0,0,1,0.13,0.00,0.70
20,Dowman,ARS,MID,9,1,0,0,0,0,0,4,0,0,0,0,0.00,0.08,0.31
21,Nørgaard,EVE,MID,0,0,0,0,0,0,0,0,0,0,0,0,0.00,0.00,0.00
22,Nwaneri,ARS,MID,0,0,0,0,0,0,0,0,0,0,0,0,0.00,0.00,0.00
23,Fábio Vieira,ARS,MID,0,0,0,0,0,0,0,0,0,0,0,0,0.00,0.00,0.00
24,Nelson,ARS,MID,0,0,0,0,0,0,0,0,0,0,0,0,0.00,0.00,0.00
25,Gyökeres,ARS,FWD,17,1,0,0,0,0,0,5,0,0,0,0,0.00,0.23,0.54
26,Havertz,ARS,FWD,90,2,0,0,0,3,0,5,0,0,0,3,0.78,0.02,1.31
27,G.Jesus,ARS,FWD,0,0,0,0,0,0,0,0,0,0,0,0,0.00,0.00,0.00
28,Martinez,CHE,GK,90,2,0,0,0,3,0,7,0,0,3,0,0.00,0.00,2.65
29,M.Bizot,AVL,GK,0,0,0,0,0,0,0,0,0,0,0,0,0.00,0.00,0.00
30,Digne,AVL,DEF,0,0,0,0,0,0,0,0,0,0,0,0,0.00,0.00,0.00
31,Konsa,ARS,DEF,90,1,0,0,0,3,0,2,0,0,0,4,0.23,0.01,1.31
32,Cash,AVL,DEF,45,-1,0,0,0,2,0,-7,1,0,0,3,0.00,0.00,0.92
33,Mings,AVL,DEF,90,3,0,0,0,2,0,10,0,0,0,13,0.00,0.00,1.56
34,Pau,AVL,DEF,0,0,0,0,0,0,0,0,0,0,0,0,0.00,0.00,0.00
35,Bogarde,AVL,MID,0,0,0,0,0,0,0,0,0,0,0,0,0.00,0.00,0.00
36,Maatsen,AVL,DEF,0,0,0,0,0,0,0,0,0,0,0,0,0.00,0.00,0.00
37,Lindelöf,AVL,DEF,90,1,0,0,0,2,0,1,0,0,0,6,0.00,0.00,1.56
38,A.García,AVL,DEF,0,0,0,0,0,0,0,0,0,0,0,0,0.00,0.00,0.00
39,Nedeljkovic,AVL,DEF,0,0,0,0,0,0,0,0,0,0,0,0,0.00,0.00,0.00
40,Rogers,CHE,MID,90,2,0,0,0,3,0,17,0,0,0,8,0.33,0.07,2.65
41,Buendía,AVL,MID,90,12,1,0,0,2,3,50,0,0,0,15,0.14,0.07,1.56
42,Guessand,CRY,MID,0,0,0,0,0,0,0,0,0,0,0,0,0.00,0.00,0.00
43,Tielemans,MUN,MID,90,4,0,0,0,1,0,22,0,0,0,13,0.09,0.20,1.62
44,Bailey,AVL,MID,0,0,0,0,0,0,0,0,0,0,0,0,0.00,0.00,0.00
45,McGinn,AVL,MID,83,6,0,1,1,0,0,19,0,0,0,6,0.00,0.04,0.78
46,Barkley,AVL,MID,6,1,0,0,0,2,0,3,0,0,0,4,0.00,0.00,0.78
47,Kamara,AVL,MID,83,6,0,1,1,0,0,26,0,0,0,6,0.12,0.01,0.78
48,Onana,AVL,MID,0,0,0,0,0,0,0,0,0,0,0,0,0.00,0.00,0.00
49,Iling Jr,AVL,MID,0,0,0,0,0,0,0,0,0,0,0,0,0.00,0.00,0.00
50,Burrowes,AVL,MID,0,0,0,0,0,0,0,0,0,0,0,0,0.00,0.00,0.00
51,George Hemmings,AVL,MID,18,1,0,0,0,2,0,2,0,0,0,0,0.00,0.00,0.87
52,Alysson,AVL,MID,0,0,0,0,0,0,0,0,0,0,0,0,0.00,0.00,0.00
53,Manzambi,AVL,MID,71,13,1,1,1,0,2,45,0,0,0,7,0.44,0.16,0.68
54,Gomes,AVL,MID,90,4,0,0,0,2,0,13,0,0,0,13,0.00,0.02,1.56
55,Watkins,AVL,FWD,0,0,0,0,0,0,0,0,0,0,0,0,0.00,0.00,0.00
56,Abraham,AVL,FWD,2,1,0,0,0,1,0,3,0,0,0,0,0.00,0.00,0.43
57,Petrović,BOU,GK,90,2,0,0,0,1,0,12,0,0,2,0,0.00,0.00,1.65
58,Forster,BOU,GK,0,0,0,0,0,0,0,0,0,0,0,0,0.00,0.00,0.00
59,Dennis,BOU,GK,0,0,0,0,0,0,0,0,0,0,0,0,0.00,0.00,0.00
60,Hill,BOU,DEF,90,4,0,0,0,1,0,15,0,0,0,15,0.00,0.02,1.65
61,Truffert,BOU,DEF,90,2,0,0,0,1,0,6,0,0,0,7,0.02,0.06,1.65
62,Diakité,BOU,DEF,0,0,0,0,0,0,0,0,0,0,0,0,0.00,0.00,0.00
63,Milosavljević,BOU,DEF,0,0,0,0,0,0,0,0,0,0,0,0,0.00,0.00,0.00
64,Smith,BOU,DEF,74,2,0,0,0,1,0,3,0,0,0,0,0.00,0.02,1.40
65,J.Araujo,BOU,DEF,0,0,0,0,0,0,0,0,0,0,0,0,0.00,0.00,0.00
66,Soler,BOU,DEF,0,0,0,0,0,0,0,0,0,0,0,0,0.00,0.00,0.00
67,Rayan,BOU,MID,87,2,0,0,0,1,0,17,0,0,0,4,0.00,0.35,1.40
68,Tavernier,BOU,MID,74,2,0,0,0,1,0,14,0,0,0,6,0.00,0.11,1.40
69,Scott,BOU,MID,90,2,0,0,0,1,0,17,0,0,0,8,0.12,0.07,1.65
70,Kluivert,BOU,MID,0,0,0,0,0,0,0,0,0,0,0,0,0.00,0.00,0.00
71,Cook,BOU,MID,15,1,0,0,0,0,0,3,0,0,0,2,0.00,0.00,0.25
72,Gannon-Doak,BOU,MID,2,1,0,0,0,0,0,3,0,0,0,0,0.00,0.02,0.25
73,Adams,BOU,MID,87,4,0,0,0,1,0,13,0,0,0,13,0.00,0.04,1.40
74,Brooks,BOU,MID,15,1,0,0,0,0,0,4,0,0,0,2,0.00,0.06,0.25
75,Christie,BOU,MID,74,2,0,0,0,1,0,0,0,0,0,5,0.50,0.01,1.40
76,Tóth.A,BOU,MID,2,1,0,0,0,0,0,3,0,0,0,0,0.00,0.00,0.25
77,Adli,BOU,MID,0,0,0,0,0,0,0,0,0,0,0,0,0.00,0.00,0.00
78,Kroupi.Jr,BOU,MID,0,0,0,0,0,0,0,0,0,0,0,0,0.00,0.00,0.00
79,Evanilson,BOU,FWD,90,2,0,0,0,1,0,12,0,0,0,5,0.16,0.01,1.65
80,Enes Ünal,BOU,FWD,0,0,0,0,0,0,0,0,0,0,0,0,0.00,0.00,0.00
81,Rodríguez,BOU,FWD,0,0,0,0,0,0,0,0,0,0,0,0,0.00,0.00,0.00
82,Kelleher,BRE,GK,90,6,0,0,1,0,0,27,0,0,2,0,0.00,0.00,0.83
83,Valdimarsson,BRE,GK,0,0,0,0,0,0,0,0,0,0,0,0,0.00,0.00,0.00
84,Collins,BRE,DEF,0,0,0,0,0,0,0,0,0,0,0,0,0.00,0.00,0.00
85,Van den Berg,BRE,DEF,0,0,0,0,0,0,0,0,0,0,0,0,0.00,0.00,0.00
86,Lewis-Potter,BRE,MID,80,3,0,0,1,0,0,15,0,0,0,9,0.15,0.01,0.70
87,Ajer,BRE,DEF,90,7,0,0,1,0,1,29,0,0,0,9,0.00,0.05,0.83
88,Kayode,BRE,DEF,68,6,0,0,1,0,0,20,0,0,0,2,0.00,0.07,0.55
89,Henry,BRE,DEF,0,0,0,0,0,0,0,0,0,0,0,0,0.00,0.00,0.00
90,Hickey,BRE,DEF,21,1,0,0,0,0,0,5,0,0,0,4,0.00,0.01,0.28
91,Pinnock,COV,DEF,90,8,0,0,1,0,0,24,0,0,0,19,0.00,0.00,1.10
92,Ji-soo,BRE,DEF,0,0,0,0,0,0,0,0,0,0,0,0,0.00,0.00,0.00
93,Schuster,BRE,DEF,90,14,0,1,1,0,3,43,0,0,0,16,0.00,0.52,0.83
94,Schade,BRE,MID,90,9,0,2,1,0,0,27,0,0,0,7,0.54,0.02,0.83
95,O.Dango,BRE,MID,9,1,0,0,0,0,0,2,0,0,0,0,0.00,0.00,0.13
96,Damsgaard,BRE,MID,86,3,0,0,1,0,0,15,0,0,0,10,0.04,0.28,0.70
97,Jensen,BRE,MID,0,0,0,0,0,0,0,0,0,0,0,0,0.00,0.00,0.00
98,Janelt,BRE,MID,90,3,0,0,1,0,0,13,0,0,0,9,0.03,0.04,0.83
99,Milambo,BRE,MID,0,0,0,0,0,0,0,0,0,0,0,0,0.00,0.00,0.00
100,Carvalho,BRE,MID,3,6,1,0,0,0,0,23,0,0,0,0,0.43,0.00,0.13
101,Henderson,CHE,MID,90,2,0,0,0,3,0,16,0,0,0,10,0.00,0.08,2.65
102,Yarmoliuk,BRE,MID,68,3,0,0,1,0,0,19,0,0,0,10,0.03,0.06,0.55
103,Dasilva,BRE,MID,0,0,0,0,0,0,0,0,0,0,0,0,0.00,0.00,0.00
104,Onyeka,COV,MID,90,3,0,0,1,0,0,10,0,0,0,9,0.00,0.00,1.10
105,Anthony,BRE,MID,80,10,1,0,1,0,2,31,0,0,0,2,0.96,0.02,0.70
106,Thiago,BRE,FWD,90,5,1,0,1,0,0,26,1,0,0,3,0.72,0.03,0.83
107,Furo,BRE,FWD,0,0,0,0,0,0,0,0,0,0,0,0,0.00,0.00,0.00
108,Wilson,BRE,FWD,0,0,0,0,0,0,0,0,0,0,0,0,0.00,0.00,0.00
109,Verbruggen,BHA,GK,90,6,0,0,1,0,0,27,0,0,2,0,0.00,0.00,1.63
110,Rushworth,COV,GK,90,11,0,1,1,0,2,38,0,0,2,0,0.00,0.00,1.10
111,Steele,BHA,GK,0,0,0,0,0,0,0,0,0,0,0,0,0.00,0.00,0.00
112,Van Hecke,TOT,DEF,90,6,1,0,0,3,0,17,1,0,0,9,0.35,0.30,1.16
113,F.Kadıoğlu,BHA,DEF,75,5,0,0,1,0,0,18,1,0,0,3,0.04,0.02,0.89
114,Boscagli,BHA,DEF,90,6,0,0,1,0,0,24,0,0,0,7,0.01,0.02,1.63
115,De Cuyper,BHA,DEF,90,6,0,0,1,0,1,30,1,0,0,7,0.02,0.23,1.63
116,Dunk,BHA,DEF,0,0,0,0,0,0,0,0,0,0,0,0,0.00,0.00,0.00
117,Coppola,BHA,DEF,0,0,0,0,0,0,0,0,0,0,0,0,0.00,0.00,0.00
118,Igor,BHA,DEF,0,0,0,0,0,0,0,0,0,0,0,0,0.00,0.00,0.00
119,Costinha,BHA,DEF,14,1,0,0,0,0,0,2,0,0,0,1,0.00,0.14,0.74
120,Svoboda,BHA,DEF,4,1,0,0,0,0,0,5,0,0,0,1,0.00,0.00,0.14
121,Mitoma,BHA,MID,0,0,0,0,0,0,0,0,0,0,0,0,0.00,0.00,0.00
122,Minteh,BHA,MID,0,0,0,0,0,0,0,0,0,0,0,0,0.00,0.00,0.00
123,Hinshelwood,BHA,MID,0,0,0,0,0,0,0,0,0,0,0,0,0.00,0.00,0.00
124,Groß,BHA,MID,90,14,1,1,1,0,3,47,0,0,0,5,0.11,0.25,1.63
125,Georginio,BHA,FWD,14,1,0,0,0,0,0,2,0,0,0,2,0.09,0.01,0.74
126,O'Riley,BHA,MID,4,1,0,0,0,0,0,2,0,0,0,2,0.28,0.00,0.14
127,Gomez,BHA,MID,85,8,0,1,1,0,0,19,0,0,0,13,0.00,0.02,1.48
128,Buonanotte,BHA,MID,0,0,0,0,0,0,0,0,0,0,0,0,0.00,0.00,0.00
129,Ayari,BHA,MID,90,3,0,0,1,0,0,7,0,0,0,7,0.11,0.08,1.63
130,Wieffer,BHA,DEF,0,0,0,0,0,0,0,0,0,0,0,0,0.00,0.00,0.00
131,Baleba,MUN,MID,0,0,0,0,0,0,0,0,0,0,0,0,0.00,0.00,0.00
132,Howell,BHA,MID,0,0,0,0,0,0,0,0,0,0,0,0,0.00,0.00,0.00
133,Watson,BHA,MID,0,0,0,0,0,0,0,0,0,0,0,0,0.00,0.00,0.00
134,Oriola,BHA,MID,0,0,0,0,0,0,0,0,0,0,0,0,0.00,0.00,0.00
135,Yohanna,BHA,MID,0,0,0,0,0,0,0,0,0,0,0,0,0.00,0.00,0.00
136,Welbeck,CHE,FWD,70,2,0,0,0,1,0,8,0,0,0,4,0.00,0.08,1.45
137,Tzimas,BHA,FWD,0,0,0,0,0,0,0,0,0,0,0,0,0.00,0.00,0.00
138,Kostoulas,BHA,FWD,75,10,1,1,1,0,2,40,1,0,0,4,0.18,0.01,0.89
139,Ferguson,BHA,FWD,0,0,0,0,0,0,0,0,0,0,0,0,0.00,0.00,0.00
140,Sánchez,CHE,GK,0,0,0,0,0,0,0,0,0,0,0,0,0.00,0.00,0.00
141,Jörgensen,CHE,GK,0,0,0,0,0,0,0,0,0,0,0,0,0.00,0.00,0.00
142,James,CHE,DEF,0,0,0,0,0,0,0,0,0,0,0,0,0.00,0.00,0.00
143,Chalobah,CHE,DEF,0,0,0,0,0,0,0,0,0,0,0,0,0.00,0.00,0.00
144,Gusto,CHE,DEF,0,0,0,0,0,0,0,0,0,0,0,0,0.00,0.00,0.00
145,Fofana,CHE,DEF,70,4,0,0,0,1,0,11,0,0,0,15,0.00,0.00,1.45
146,B.Badiashile,CHE,DEF,0,0,0,0,0,0,0,0,0,0,0,0,0.00,0.00,0.00
147,Tosin,TOT,DEF,0,0,0,0,0,0,0,0,0,0,0,0,0.00,0.00,0.00
148,Hato,CHE,DEF,0,0,0,0,0,0,0,0,0,0,0,0,0.00,0.00,0.00
149,Colwill,CHE,DEF,90,1,0,0,0,3,0,1,0,0,0,7,0.00,0.01,2.65
150,M.Sarr,CHE,DEF,0,0,0,0,0,0,0,0,0,0,0,0,0.00,0.00,0.00
151,Acheampong,CHE,DEF,19,0,0,0,0,2,0,-4,0,0,0,1,0.00,0.01,1.20
152,Palestra,CHE,DEF,0,0,0,0,0,0,0,0,0,0,0,0,0.00,0.00,0.00
153,Disasi,CRY,DEF,0,0,0,0,0,0,0,0,0,0,0,0,0.00,0.00,0.00
154,Palmer,CHE,MID,90,2,0,0,0,3,0,21,0,0,0,6,0.13,0.18,2.65
155,Enzo,MCI,MID,90,7,1,0,0,3,0,33,0,0,0,5,0.04,0.26,3.57
156,Neto,CHE,MID,86,2,0,0,0,2,0,13,0,0,0,6,0.16,0.05,2.22
157,Estêvão,CHE,MID,3,1,0,0,0,1,0,3,0,0,0,0,0.00,0.00,0.43
158,Gittens,CHE,MID,0,0,0,0,0,0,0,0,0,0,0,0,0.00,0.00,0.00
159,Caicedo,CHE,MID,0,0,0,0,0,0,0,0,0,0,0,0,0.00,0.00,0.00
160,Garnacho,AVL,MID,0,0,0,0,0,0,0,0,0,0,0,0,0.00,0.00,0.00
161,Lavia,CHE,MID,0,0,0,0,0,0,0,0,0,0,0,0,0.00,0.00,0.00
162,Andrey Santos,MUN,MID,0,0,0,0,0,0,0,0,0,0,0,0,0.00,0.00,0.00
163,D.Essugo,CHE,MID,0,0,0,0,0,0,0,0,0,0,0,0,0.00,0.00,0.00
164,Quenda,CHE,MID,19,1,0,0,0,2,0,3,0,0,0,0,0.03,0.01,1.20
165,João Pedro,CHE,FWD,0,0,0,0,0,0,0,0,0,0,0,0,0.00,0.00,0.00
166,N.Jackson,AVL,FWD,87,6,1,0,0,1,1,31,1,0,0,4,0.44,0.02,1.13
167,Delap,NFO,FWD,90,1,0,0,0,1,0,9,1,0,0,8,0.13,0.21,0.67
168,Marc Guiu,CHE,FWD,0,0,0,0,0,0,0,0,0,0,0,0,0.00,0.00,0.00
169,Mheuka,CHE,FWD,0,0,0,0,0,0,0,0,0,0,0,0,0.00,0.00,0.00
170,Emegha,CHE,FWD,0,0,0,0,0,0,0,0,0,0,0,0,0.00,0.00,0.00
171,Dovin,COV,GK,0,0,0,0,0,0,0,0,0,0,0,0,0.00,0.00,0.00
172,Wilson,COV,GK,0,0,0,0,0,0,0,0,0,0,0,0,0.00,0.00,0.00
173,Thomas,COV,DEF,90,9,0,0,1,0,1,37,0,0,0,13,0.06,0.04,1.10
174,Kitching,COV,DEF,0,0,0,0,0,0,0,0,0,0,0,0,0.00,0.00,0.00
175,van Ewijk,COV,DEF,0,0,0,0,0,0,0,0,0,0,0,0,0.00,0.00,0.00
176,Dasilva,COV,DEF,90,15,1,0,1,0,3,40,0,0,0,4,0.32,0.04,1.10
177,Kesler-Hayden,COV,DEF,0,0,0,0,0,0,0,0,0,0,0,0,0.00,0.00,0.00
178,Bidwell,COV,DEF,0,0,0,0,0,0,0,0,0,0,0,0,0.00,0.00,0.00
179,Latibeaudiere,COV,DEF,1,1,0,0,0,0,0,3,0,0,0,2,0.00,0.00,0.02
180,Woolfenden,COV,DEF,0,0,0,0,0,0,0,0,0,0,0,0,0.00,0.00,0.00
181,Brau,COV,DEF,0,0,0,0,0,0,0,0,0,0,0,0,0.00,0.00,0.00
182,Amenda,COV,DEF,0,0,0,0,0,0,0,0,0,0,0,0,0.00,0.00,0.00
183,Rudoni,COV,MID,73,5,0,0,1,0,0,16,0,0,0,13,0.09,0.20,0.85
184,Grimes,COV,MID,90,3,0,0,1,0,0,17,0,0,0,10,0.02,0.06,1.10
185,Sakamoto,COV,MID,0,0,0,0,0,0,0,0,0,0,0,0,0.00,0.00,0.00
186,Mason-Clark,COV,MID,45,1,0,0,0,0,0,6,0,0,0,2,0.02,0.05,0.60
187,Eccles,COV,MID,0,0,0,0,0,0,0,0,0,0,0,0,0.00,0.00,0.00
188,Torp,COV,MID,0,0,0,0,0,0,0,0,0,0,0,0,0.00,0.00,0.00
189,Shepherd,COV,MID,0,0,0,0,0,0,0,0,0,0,0,0,0.00,0.00,0.00
190,Tchaouna,COV,MID,45,1,0,0,0,0,0,5,0,0,0,3,0.04,0.00,0.50
191,Borges Rodrigues,COV,MID,0,0,0,0,0,0,0,0,0,0,0,0,0.00,0.00,0.00
192,Andrews,COV,MID,0,0,0,0,0,0,0,0,0,0,0,0,0.00,0.00,0.00
193,Wright,COV,FWD,0,0,0,0,0,0,0,0,0,0,0,0,0.00,0.00,0.00
194,Thomas-Asante,COV,FWD,90,4,0,0,1,0,0,16,0,0,0,16,0.13,0.01,1.10
195,Simms,COV,FWD,16,1,0,0,0,0,0,3,0,0,0,0,0.00,0.00,0.24
196,Markelo,COV,FWD,0,0,0,0,0,0,0,0,0,0,0,0,0.00,0.00,0.00
197,Bassette,COV,FWD,0,0,0,0,0,0,0,0,0,0,0,0,0.00,0.00,0.00
198,Henderson,CRY,GK,0,0,0,0,0,0,0,0,0,0,0,0,0.00,0.00,0.00
199,Benitez,CRY,GK,90,6,0,0,1,0,0,26,0,0,2,0,0.00,0.00,1.31
200,Lacroix,CHE,DEF,90,3,0,0,0,3,0,-1,0,0,0,12,0.13,0.01,2.65
201,Muñoz,NFO,DEF,82,2,0,0,0,1,0,5,0,0,0,3,0.12,0.02,0.67
202,Richards,CRY,DEF,90,8,0,0,1,0,0,29,0,0,0,10,0.00,0.01,1.31
203,Canvot,CRY,DEF,90,8,0,0,1,0,0,26,0,0,0,10,0.00,0.12,1.31
204,Mitchell,CRY,DEF,90,7,0,0,1,0,1,30,0,0,0,8,0.00,0.02,1.31
205,Sosa,CRY,DEF,0,0,0,0,0,0,0,0,0,0,0,0,0.00,0.00,0.00
206,Chadi Riad,CRY,DEF,0,0,0,0,0,0,0,0,0,0,0,0,0.00,0.00,0.00
207,Mingueza,CRY,DEF,0,0,0,0,0,0,0,0,0,0,0,0,0.00,0.00,0.00
208,Sarr,CRY,MID,8,1,0,0,0,0,0,3,0,0,0,0,0.00,0.01,0.06
209,Johnson,EVE,MID,65,3,0,0,1,0,0,6,0,0,0,8,0.82,0.00,1.06
210,Wharton,CRY,MID,90,2,0,0,1,0,0,13,1,0,0,7,0.07,0.22,1.31
211,Yeremy,CRY,MID,81,2,0,0,1,0,0,10,1,0,0,5,0.16,0.15,1.26
212,Hughes,CRY,MID,0,0,0,0,0,0,0,0,0,0,0,0,0.00,0.00,0.00
213,Lerma,CRY,MID,45,0,0,0,0,0,0,3,1,0,0,11,0.26,0.00,0.77
214,Kamada,CRY,MID,90,3,0,0,1,0,0,12,0,0,0,10,0.42,0.03,1.31
215,Devenny,CRY,MID,0,0,0,0,0,0,0,0,0,0,0,0,0.00,0.00,0.00
216,Esse,CRY,MID,0,0,0,0,0,0,0,0,0,0,0,0,0.00,0.00,0.00
217,M.França,CRY,MID,0,0,0,0,0,0,0,0,0,0,0,0,0.00,0.00,0.00
218,Doucouré,CRY,MID,0,0,0,0,0,0,0,0,0,0,0,0,0.00,0.00,0.00
219,J.Rak-Sakyi,CRY,MID,0,0,0,0,0,0,0,0,0,0,0,0,0.00,0.00,0.00
220,Cardines,CRY,DEF,0,0,0,0,0,0,0,0,0,0,0,0,0.00,0.00,0.00
221,Drakes-Thomas,CRY,MID,0,0,0,0,0,0,0,0,0,0,0,0,0.00,0.00,0.00
222,Strand Larsen,CRY,FWD,81,2,0,0,1,0,0,10,0,0,0,3,0.04,0.17,1.26
223,Mateta,CRY,FWD,0,0,0,0,0,0,0,0,0,0,0,0,0.00,0.00,0.00
224,Nketiah,CRY,FWD,8,1,0,0,0,0,0,2,0,0,0,1,0.00,0.02,0.06
225,Uche,CRY,FWD,0,0,0,0,0,0,0,0,0,0,0,0,0.00,0.00,0.00
226,Pickford,EVE,GK,90,8,0,0,1,0,1,34,0,0,4,0,0.00,0.00,1.44
227,Travers,EVE,GK,0,0,0,0,0,0,0,0,0,0,0,0,0.00,0.00,0.00
228,King,EVE,GK,0,0,0,0,0,0,0,0,0,0,0,0,0.00,0.00,0.00
229,Tarkowski,EVE,DEF,90,14,0,1,1,0,3,43,0,0,0,12,0.01,0.01,1.44
230,Branthwaite,EVE,DEF,90,8,0,0,1,0,0,27,0,0,0,14,0.00,0.00,1.44
231,Keane,EVE,DEF,0,0,0,0,0,0,0,0,0,0,0,0,0.00,0.00,0.00
232,O'Brien,EVE,DEF,1,1,0,0,0,0,0,3,0,0,0,1,0.00,0.00,0.16
233,Mykolenko,EVE,DEF,90,5,0,0,1,0,0,29,1,0,0,6,0.04,0.02,1.44
234,Patterson,EVE,DEF,0,0,0,0,0,0,0,0,0,0,0,0,0.00,0.00,0.00
235,Aznou,EVE,DEF,0,0,0,0,0,0,0,0,0,0,0,0,0.00,0.00,0.00
236,Dewsbury-Hall,EVE,MID,90,3,0,0,1,0,0,10,0,0,0,7,0.37,0.34,1.28
237,Ndiaye,MCI,MID,74,5,0,1,0,3,0,31,0,0,0,4,0.10,0.14,3.15
238,Grealish,EVE,MID,78,3,0,0,1,0,0,22,0,0,0,7,0.00,0.30,1.06
239,Garner,EVE,MID,90,3,0,0,1,0,0,14,0,0,0,9,0.16,0.04,1.44
240,Iroegbunam,HUL,MID,45,1,0,0,0,0,0,6,0,0,0,7,0.12,0.01,0.25
241,McNeil,CRY,MID,0,0,0,0,0,0,0,0,0,0,0,0,0.00,0.00,0.00
242,George,EVE,MID,11,1,0,0,0,0,0,4,0,0,0,2,0.03,0.01,0.38
243,Alcaraz,EVE,MID,0,0,0,0,0,0,0,0,0,0,0,0,0.00,0.00,0.00
244,Armstrong,EVE,MID,90,2,0,0,1,0,0,13,1,0,0,5,0.12,0.37,1.44
245,Dibling,EVE,MID,24,1,0,0,0,0,0,10,0,0,0,0,0.17,0.16,0.38
246,Röhl,EVE,MID,0,0,0,0,0,0,0,0,0,0,0,0,0.00,0.00,0.00
247,Hackney,EVE,MID,1,1,0,0,0,0,0,3,0,0,0,0,0.00,0.00,0.16
248,Beto,EVE,FWD,0,0,0,0,0,0,0,0,0,0,0,0,0.00,0.00,0.00
249,Barry,EVE,FWD,90,6,1,0,1,0,0,28,0,0,0,5,0.52,0.01,1.44
250,Leno,FUL,GK,90,3,0,0,0,1,0,18,0,0,5,0,0.00,0.00,1.60
251,Lecomte,FUL,GK,0,0,0,0,0,0,0,0,0,0,0,0,0.00,0.00,0.00
252,McNally,FUL,GK,0,0,0,0,0,0,0,0,0,0,0,0,0.00,0.00,0.00
253,Andersen,FUL,DEF,10,1,0,0,0,1,0,0,0,0,0,5,0.00,0.00,0.36
254,Robinson,FUL,DEF,90,2,0,0,0,1,0,19,0,0,0,7,0.00,0.09,1.60
255,J.Cuenca,FUL,DEF,0,0,0,0,0,0,0,0,0,0,0,0,0.00,0.00,0.00
256,Tete,FUL,DEF,0,0,0,0,0,0,0,0,0,0,0,0,0.00,0.00,0.00
257,Bassey,FUL,DEF,90,6,0,1,0,1,1,26,0,0,0,8,0.06,0.01,1.60
258,Castagne,FUL,DEF,90,1,0,0,0,1,0,3,1,0,0,9,0.00,0.01,1.60
259,Diop,IPS,DEF,90,4,0,0,0,1,0,13,0,0,0,10,0.06,0.01,2.24
260,Wilson,LEE,MID,0,0,0,0,0,0,0,0,0,0,0,0,0.00,0.00,0.00
261,Iwobi,FUL,MID,70,5,0,0,1,0,2,27,0,0,0,7,0.19,0.41,1.12
262,Smith Rowe,FUL,MID,0,0,0,0,0,0,0,0,0,0,0,0,0.00,0.00,0.00
263,Kevin,FUL,MID,19,1,0,0,0,1,0,6,0,0,0,2,0.04,0.00,0.49
264,Bobb,FUL,MID,70,3,0,0,1,0,0,6,0,0,0,6,0.22,0.09,1.12
265,Berge,FUL,MID,76,3,0,0,1,0,0,16,0,0,0,2,0.05,0.02,1.18
266,Cairney,FUL,MID,0,0,0,0,0,0,0,0,0,0,0,0,0.00,0.00,0.00
267,Lukić,IPS,MID,72,2,0,0,0,1,0,14,0,0,0,6,0.00,0.25,1.76
268,King,FUL,MID,79,2,0,0,1,0,0,10,1,0,0,5,0.38,0.03,1.25
269,Sessegnon,FUL,DEF,0,0,0,0,0,0,0,0,0,0,0,0,0.00,0.00,0.00
270,Reed,FUL,MID,0,0,0,0,0,0,0,0,0,0,0,0,0.00,0.00,0.00
271,Muniz,FUL,FWD,10,0,0,0,0,1,0,-1,1,0,0,1,0.00,0.00,0.36
272,Kusi-Asare,FUL,FWD,0,0,0,0,0,0,0,0,0,0,0,0,0.00,0.00,0.00
273,Phillips,HUL,GK,0,0,0,0,0,0,0,0,0,0,0,0,0.00,0.00,0.00
274,Butland,HUL,GK,0,0,0,0,0,0,0,0,0,0,0,0,0.00,0.00,0.00
275,Cartwright,HUL,GK,0,0,0,0,0,0,0,0,0,0,0,0,0.00,0.00,0.00
276,Lo-Tutala,HUL,GK,0,0,0,0,0,0,0,0,0,0,0,0,0.00,0.00,0.00
277,Egan,HUL,DEF,77,1,0,0,0,2,0,2,0,0,0,4,0.01,0.00,1.31
278,Hughes,HUL,DEF,0,0,0,0,0,0,0,0,0,0,0,0,0.00,0.00,0.00
279,Ajayi,HUL,DEF,90,1,0,0,0,2,0,5,0,0,0,4,0.01,0.01,1.44
280,Coyle,HUL,DEF,90,1,0,0,0,2,0,3,0,0,0,2,0.00,0.04,1.44
281,Drameh,HUL,DEF,0,0,0,0,0,0,0,0,0,0,0,0,0.00,0.00,0.00
282,Giles,HUL,DEF,90,0,0,0,0,2,0,-1,1,0,0,5,0.00,0.08,1.44
283,Jacob,HUL,DEF,0,0,0,0,0,0,0,0,0,0,0,0,0.00,0.00,0.00
284,McCarthy,HUL,DEF,0,0,0,0,0,0,0,0,0,0,0,0,0.00,0.00,0.00
285,McNair,HUL,DEF,0,0,0,0,0,0,0,0,0,0,0,0,0.00,0.00,0.00
286,Belloumi,HUL,MID,82,4,0,1,0,2,0,22,1,0,0,11,0.35,0.31,1.31
287,Millar,HUL,MID,0,0,0,0,0,0,0,0,0,0,0,0,0.00,0.00,0.00
288,Dowell,HUL,MID,0,0,0,0,0,0,0,0,0,0,0,0,0.00,0.00,0.00
289,Crooks,HUL,MID,45,0,0,0,0,2,0,6,1,0,0,2,0.00,0.12,1.19
290,Slater,HUL,MID,77,2,0,0,0,2,0,9,0,0,0,3,0.13,0.03,1.31
291,Matazo,HUL,MID,0,0,0,0,0,0,0,0,0,0,0,0,0.00,0.00,0.00
292,Ömür,HUL,MID,0,0,0,0,0,0,0,0,0,0,0,0,0.00,0.00,0.00
293,Kamara,HUL,MID,0,0,0,0,0,0,0,0,0,0,0,0,0.00,0.00,0.00
294,Zambrano,HUL,MID,0,0,0,0,0,0,0,0,0,0,0,0,0.00,0.00,0.00
295,McBurnie,HUL,FWD,90,1,0,0,0,2,0,5,1,0,0,6,0.36,0.02,1.44
296,Akintola,HUL,MID,0,0,0,0,0,0,0,0,0,0,0,0,0.00,0.00,0.00
297,Gyabi,HUL,MID,0,0,0,0,0,0,0,0,0,0,0,0,0.00,0.00,0.00
298,Destan,HUL,FWD,0,0,0,0,0,0,0,0,0,0,0,0,0.00,0.00,0.00
299,Burstow,HUL,FWD,0,0,0,0,0,0,0,0,0,0,0,0,0.00,0.00,0.00
300,Walton,IPS,GK,90,2,0,0,0,1,0,10,0,0,1,0,0.00,0.01,2.24
301,Palmer,IPS,GK,0,0,0,0,0,0,0,0,0,0,0,0,0.00,0.00,0.00
302,Button,IPS,GK,0,0,0,0,0,0,0,0,0,0,0,0,0.00,0.00,0.00
303,Kipré,IPS,DEF,0,0,0,0,0,0,0,0,0,0,0,0,0.00,0.00,0.00
304,O'Shea,IPS,DEF,90,2,0,0,0,1,0,12,0,0,0,9,0.00,0.00,2.24
305,Davis,IPS,DEF,90,2,0,0,0,1,0,2,0,0,0,5,0.42,0.02,2.24
306,Greaves,IPS,DEF,0,0,0,0,0,0,0,0,0,0,0,0,0.00,0.00,0.00
307,Johnson,IPS,DEF,0,0,0,0,0,0,0,0,0,0,0,0,0.00,0.00,0.00
308,Furlong,IPS,DEF,0,0,0,0,0,0,0,0,0,0,0,0,0.00,0.00,0.00
309,Núñez,IPS,MID,0,0,0,0,0,0,0,0,0,0,0,0,0.00,0.00,0.00
310,Matusiwa,IPS,MID,0,0,0,0,0,0,0,0,0,0,0,0,0.00,0.00,0.00
311,Burns,IPS,MID,0,0,0,0,0,0,0,0,0,0,0,0,0.00,0.00,0.00
312,Taylor,IPS,MID,0,0,0,0,0,0,0,0,0,0,0,0,0.00,0.00,0.00
313,Clarke,IPS,MID,65,2,0,0,0,1,0,10,0,0,0,4,0.00,0.33,1.68
314,Ogbene,IPS,MID,0,0,0,0,0,0,0,0,0,0,0,0,0.00,0.00,0.00
315,Fatawu,IPS,MID,66,-1,0,0,0,1,0,4,0,1,0,4,0.14,0.28,1.68
316,Emersonn,IPS,FWD,80,2,0,0,0,1,0,9,0,0,0,1,0.13,0.01,2.07
317,Hirst,IPS,FWD,0,0,0,0,0,0,0,0,0,0,0,0,0.00,0.00,0.00
318,Philogene,IPS,MID,24,1,0,0,0,0,0,5,0,0,0,1,0.06,0.01,0.56
319,Szmodics,IPS,MID,0,0,0,0,0,0,0,0,0,0,0,0,0.00,0.00,0.00
320,Akpom,IPS,FWD,9,1,0,0,0,0,0,3,0,0,0,0,0.17,0.00,0.16
321,Walle Egeli,IPS,FWD,0,0,0,0,0,0,0,0,0,0,0,0,0.00,0.00,0.00
322,Al-Hamadi,IPS,FWD,0,0,0,0,0,0,0,0,0,0,0,0,0.00,0.00,0.00
323,McAteer,IPS,MID,0,0,0,0,0,0,0,0,0,0,0,0,0.00,0.00,0.00
324,Mehmeti,IPS,MID,0,0,0,0,0,0,0,0,0,0,0,0,0.00,0.00,0.00
325,Darlow,MUN,GK,0,0,0,0,0,0,0,0,0,0,0,0,0.00,0.00,0.00
326,Perri,LEE,GK,0,0,0,0,0,0,0,0,0,0,0,0,0.00,0.00,0.00
327,Bijol,LEE,DEF,0,0,0,0,0,0,0,0,0,0,0,0,0.00,0.00,0.00
328,Struijk,BHA,DEF,85,5,0,0,1,0,0,24,1,0,0,6,0.16,0.00,1.48
329,Rodon,LEE,DEF,0,0,0,0,0,0,0,0,0,0,0,0,0.00,0.00,0.00
330,Bogle,LEE,DEF,66,5,0,0,1,0,0,14,1,0,0,1,0.07,0.00,0.66
331,Gudmundsson,LEE,DEF,90,6,0,0,1,0,0,27,0,0,0,5,0.00,0.03,1.06
332,Justin,LEE,DEF,90,8,0,0,1,0,2,31,0,0,0,9,0.05,0.12,1.06
333,Bornauw,LEE,DEF,0,0,0,0,0,0,0,0,0,0,0,0,0.00,0.00,0.00
334,Muharemović,LEE,DEF,90,6,0,0,1,0,0,22,0,0,0,8,0.40,0.01,1.06
335,Stach,LEE,MID,90,5,0,0,1,0,0,13,0,0,0,13,0.05,0.08,1.06
336,Okafor,LEE,MID,75,3,0,0,1,0,0,17,0,0,0,5,0.02,0.01,0.68
337,Aaronson,LEE,MID,22,1,0,0,0,0,0,5,0,0,0,4,0.00,0.00,0.40
338,Ampadu,LEE,MID,90,5,0,0,1,0,0,19,0,0,0,14,0.00,0.10,1.06
339,Longstaff,LEE,MID,0,0,0,0,0,0,0,0,0,0,0,0,0.00,0.00,0.00
340,Gelhardt,HUL,MID,7,1,0,0,0,0,0,5,0,0,0,1,0.10,0.02,0.13
341,Gnonto,LEE,MID,0,0,0,0,0,0,0,0,0,0,0,0,0.00,0.00,0.00
342,Harrison,LEE,MID,0,0,0,0,0,0,0,0,0,0,0,0,0.00,0.00,0.00
343,James,LEE,MID,23,1,0,0,0,0,0,3,0,0,0,1,0.00,0.00,0.40
344,Gruev,LEE,MID,0,0,0,0,0,0,0,0,0,0,0,0,0.00,0.00,0.00
345,Tanaka,LEE,MID,67,2,0,0,1,0,0,0,1,0,0,5,0.14,0.00,0.66
346,Calvert-Lewin,LEE,FWD,90,2,0,0,1,0,0,7,0,0,0,8,0.52,0.00,1.06
347,Nmecha,LEE,FWD,14,1,0,0,0,0,0,4,0,0,0,2,0.00,0.00,0.37
348,Piroe,LEE,FWD,0,0,0,0,0,0,0,0,0,0,0,0,0.00,0.00,0.00
349,Mateo Joseph,LEE,FWD,0,0,0,0,0,0,0,0,0,0,0,0,0.00,0.00,0.00
350,A.Becker,LIV,GK,90,8,0,0,1,0,2,30,0,0,2,0,0.00,0.00,0.79
351,Mamardashvili,LIV,GK,0,0,0,0,0,0,0,0,0,0,0,0,0.00,0.00,0.00
352,Woodman,LIV,GK,0,0,0,0,0,0,0,0,0,0,0,0,0.00,0.00,0.00
353,Pecsi,LIV,GK,0,0,0,0,0,0,0,0,0,0,0,0,0.00,0.00,0.00
354,Jaros,LIV,GK,0,0,0,0,0,0,0,0,0,0,0,0,0.00,0.00,0.00
355,Davies,LIV,GK,0,0,0,0,0,0,0,0,0,0,0,0,0.00,0.00,0.00
356,Virgil,LIV,DEF,90,8,0,0,1,0,0,26,0,0,0,13,0.00,0.01,0.79
357,Frimpong,LIV,DEF,0,0,0,0,0,0,0,0,0,0,0,0,0.00,0.00,0.00
358,Kerkez,LIV,DEF,90,6,0,0,1,0,0,22,0,0,0,7,0.05,0.01,0.79
359,Gomez,LIV,DEF,0,0,0,0,0,0,0,0,0,0,0,0,0.00,0.00,0.00
360,Bradley,LIV,DEF,0,0,0,0,0,0,0,0,0,0,0,0,0.00,0.00,0.00
361,Lucky,LIV,DEF,0,0,0,0,0,0,0,0,0,0,0,0,0.00,0.00,0.00
362,Jacquet,LIV,DEF,90,6,0,0,1,0,0,26,0,0,0,8,0.00,0.02,0.79
363,Leoni,LIV,DEF,0,0,0,0,0,0,0,0,0,0,0,0,0.00,0.00,0.00
364,Tsimikas,LIV,DEF,0,0,0,0,0,0,0,0,0,0,0,0,0.00,0.00,0.00
365,Ramsay,LIV,DEF,0,0,0,0,0,0,0,0,0,0,0,0,0.00,0.00,0.00
366,Wirtz,LIV,MID,70,6,0,1,1,0,0,25,0,0,0,8,0.22,0.05,0.66
367,Gakpo,LIV,MID,90,3,0,0,1,0,0,13,0,0,0,5,0.20,0.49,0.79
368,Szoboszlai,LIV,MID,80,2,0,0,1,0,0,5,1,0,0,6,0.13,0.02,0.66
369,Ngumoha,LIV,MID,0,0,0,0,0,0,0,0,0,0,0,0,0.00,0.00,0.00
370,Chiesa,LIV,MID,0,0,0,0,0,0,0,0,0,0,0,0,0.00,0.00,0.00
371,Gravenberch,LIV,MID,9,1,0,0,0,0,0,3,0,0,0,1,0.00,0.01,0.14
372,Mac Allister,LIV,MID,90,5,0,0,1,0,0,19,0,0,0,13,0.00,0.05,0.79
373,C.Jones,LIV,MID,0,0,0,0,0,0,0,0,0,0,0,0,0.00,0.00,0.00
374,Endo,LIV,MID,0,0,0,0,0,0,0,0,0,0,0,0,0.00,0.00,0.00
375,Nyoni,LIV,MID,19,1,0,0,0,0,0,3,0,0,0,5,0.00,0.00,0.14
376,Bajcetic,LIV,MID,0,0,0,0,0,0,0,0,0,0,0,0,0.00,0.00,0.00
377,Munoz,LIV,MID,18,1,0,0,0,0,0,7,0,0,0,3,0.00,0.06,0.14
378,McConnell,LIV,MID,0,0,0,0,0,0,0,0,0,0,0,0,0.00,0.00,0.00
379,Isak,LIV,FWD,80,8,1,0,1,0,3,31,1,0,0,1,0.75,0.02,0.66
380,Ekitiké,LIV,FWD,0,0,0,0,0,0,0,0,0,0,0,0,0.00,0.00,0.00
381,Koumas,LIV,MID,9,1,0,0,0,0,0,7,0,0,0,0,0.25,0.00,0.14
382,Danns,LIV,FWD,0,0,0,0,0,0,0,0,0,0,0,0,0.00,0.00,0.00
383,Elliott,LIV,MID,0,0,0,0,0,0,0,0,0,0,0,0,0.00,0.00,0.00
384,Donnarumma,MCI,GK,90,2,0,0,0,3,0,9,0,0,4,0,0.00,0.00,3.57
385,Trafford,LEE,GK,90,10,0,0,1,0,3,34,0,0,5,0,0.00,0.00,1.06
386,Bettinelli,MCI,GK,0,0,0,0,0,0,0,0,0,0,0,0,0.00,0.00,0.00
387,O'Reilly,MCI,DEF,5,1,0,0,0,0,0,3,0,0,0,2,0.78,0.00,0.39
388,Guéhi,MCI,DEF,90,4,0,1,0,3,0,13,0,0,0,4,0.06,0.01,3.57
389,Matheus N.,MCI,DEF,90,1,0,0,0,3,0,0,0,0,0,9,0.00,0.01,3.57
390,Rúben,MCI,DEF,90,1,0,0,0,3,0,-7,0,0,0,4,0.20,0.00,3.57
391,Gvardiol,MCI,DEF,90,4,0,1,0,3,0,22,0,0,0,7,0.00,0.63,3.57
392,Aït-Nouri,MCI,DEF,0,0,0,0,0,0,0,0,0,0,0,0,0.00,0.00,0.00
393,Khusanov,MCI,DEF,0,0,0,0,0,0,0,0,0,0,0,0,0.00,0.00,0.00
394,Alleyne,MCI,DEF,0,0,0,0,0,0,0,0,0,0,0,0,0.00,0.00,0.00
395,Lewis,MCI,DEF,0,0,0,0,0,0,0,0,0,0,0,0,0.00,0.00,0.00
396,Vitor Reis,MCI,DEF,0,0,0,0,0,0,0,0,0,0,0,0,0.00,0.00,0.00
397,Semenyo,MCI,MID,90,17,2,1,0,3,2,65,0,0,0,7,0.16,0.17,3.57
398,Foden,MCI,MID,0,0,0,0,0,0,0,0,0,0,0,0,0.00,0.00,0.00
399,Cherki,MCI,MID,84,8,1,0,0,3,1,35,0,0,0,5,0.13,0.13,3.18
400,Doku,MCI,MID,15,1,0,0,0,0,0,7,0,0,0,2,0.23,0.32,0.42
401,Marmoush,TOT,FWD,90,2,0,0,0,3,0,8,0,0,0,4,0.02,0.04,1.16
402,Rodrigo,MCI,MID,0,0,0,0,0,0,0,0,0,0,0,0,0.00,0.00,0.00
403,Sávio,TOT,MID,90,2,0,0,0,3,0,29,0,0,0,5,0.29,0.17,1.16
404,Reijnders,MCI,MID,0,0,0,0,0,0,0,0,0,0,0,0,0.00,0.00,0.00
405,N.Gonzalez,NEW,MID,0,0,0,0,0,0,0,0,0,0,0,0,0.00,0.00,0.00
406,Kovačić,MCI,MID,0,0,0,0,0,0,0,0,0,0,0,0,0.00,0.00,0.00
407,Echeverri,MCI,MID,0,0,0,0,0,0,0,0,0,0,0,0,0.00,0.00,0.00
408,Phillips,MCI,MID,0,0,0,0,0,0,0,0,0,0,0,0,0.00,0.00,0.00
409,Mukasa,MCI,MID,0,0,0,0,0,0,0,0,0,0,0,0,0.00,0.00,0.00
410,Monga,MCI,MID,0,0,0,0,0,0,0,0,0,0,0,0,0.00,0.00,0.00
411,Haaland,MCI,FWD,90,6,1,0,0,3,0,25,0,0,0,2,1.09,0.02,3.57
412,Lammens,MUN,GK,90,4,0,0,0,1,0,22,0,0,6,0,0.00,0.00,1.62
413,Bayindir,MUN,GK,0,0,0,0,0,0,0,0,0,0,0,0,0.00,0.00,0.00
414,Heaton,MUN,GK,0,0,0,0,0,0,0,0,0,0,0,0,0.00,0.00,0.00
415,Dorgu,MUN,MID,6,4,0,1,0,0,0,12,0,0,0,2,0.13,0.01,0.00
416,De Ligt,MUN,DEF,0,0,0,0,0,0,0,0,0,0,0,0,0.00,0.00,0.00
417,Dalot,MUN,DEF,90,2,0,0,0,1,0,11,0,0,0,2,0.06,0.05,1.62
418,Maguire,MUN,DEF,90,2,0,0,0,1,0,17,0,0,0,5,0.01,0.03,1.62
419,Martinez,MUN,DEF,90,0,0,0,0,1,0,6,0,0,0,4,0.15,0.02,1.62
420,Yoro,MUN,DEF,0,0,0,0,0,0,0,0,0,0,0,0,0.00,0.00,0.00
421,Heaven,MUN,DEF,0,0,0,0,0,0,0,0,0,0,0,0,0.00,0.00,0.00
422,Mazraoui,MUN,DEF,0,0,0,0,0,0,0,0,0,0,0,0,0.00,0.00,0.00
423,Shaw,MUN,DEF,83,2,0,0,0,1,0,7,0,0,0,3,0.01,0.07,1.62
424,Amass,MUN,DEF,0,0,0,0,0,0,0,0,0,0,0,0,0.00,0.00,0.00
425,Fredricson,MUN,DEF,0,0,0,0,0,0,0,0,0,0,0,0,0.00,0.00,0.00
426,B.Fernandes,MUN,MID,90,2,0,0,0,1,0,15,0,0,0,6,0.28,0.19,1.62
427,Mbeumo,MUN,MID,90,2,0,0,0,1,0,23,0,0,0,4,0.27,0.25,1.62
428,Cunha,MUN,MID,90,10,1,0,0,1,3,32,0,0,0,3,0.05,0.39,1.62
429,Rashford,MUN,MID,76,2,0,0,0,1,0,15,0,0,0,2,0.40,0.14,1.62
430,Mount,MUN,MID,10,1,0,0,0,0,0,3,0,0,0,1,0.09,0.01,0.00
431,Amad,MUN,MID,0,0,0,0,0,0,0,0,0,0,0,0,0.00,0.00,0.00
432,Mainoo,MUN,MID,79,4,0,0,0,1,0,18,0,0,0,12,0.06,0.10,1.62
433,Ugarte,MUN,MID,0,0,0,0,0,0,0,0,0,0,0,0,0.00,0.00,0.00
434,J.Fletcher,MUN,MID,0,0,0,0,0,0,0,0,0,0,0,0,0.00,0.00,0.00
435,Lacey,MUN,MID,0,0,0,0,0,0,0,0,0,0,0,0,0.00,0.00,0.00
436,Collyer,MUN,MID,0,0,0,0,0,0,0,0,0,0,0,0,0.00,0.00,0.00
437,Bendito Mantato,MUN,MID,0,0,0,0,0,0,0,0,0,0,0,0,0.00,0.00,0.00
438,Fletcher,MUN,MID,0,0,0,0,0,0,0,0,0,0,0,0,0.00,0.00,0.00
439,Šeško,MUN,FWD,0,0,0,0,0,0,0,0,0,0,0,0,0.00,0.00,0.00
440,Zirkzee,MUN,FWD,13,1,0,0,0,0,0,4,0,0,0,1,0.00,0.00,0.00
441,Obi,MUN,FWD,0,0,0,0,0,0,0,0,0,0,0,0,0.00,0.00,0.00
442,Pope,NEW,GK,0,0,0,0,0,0,0,0,0,0,0,0,0.00,0.00,0.00
443,Gillespie,NEW,GK,0,0,0,0,0,0,0,0,0,0,0,0,0.00,0.00,0.00
444,Jaouen,NEW,GK,0,0,0,0,0,0,0,0,0,0,0,0,0.00,0.00,0.00
445,Thiaw,NEW,DEF,90,4,0,0,0,1,0,13,0,0,0,13,0.00,0.01,1.59
446,Schär,NEW,DEF,24,1,0,0,0,1,0,1,0,0,0,7,0.00,0.01,1.08
447,Botman,NEW,DEF,90,4,0,0,0,1,0,12,0,0,0,18,0.05,0.00,1.59
448,Burn,NEW,DEF,0,0,0,0,0,0,0,0,0,0,0,0,0.00,0.00,0.00
449,Hall,NEW,DEF,90,13,1,0,0,1,3,38,0,0,0,10,0.19,0.11,1.59
450,Livramento,NEW,DEF,0,0,0,0,0,0,0,0,0,0,0,0,0.00,0.00,0.00
451,A.Murphy,NEW,DEF,0,0,0,0,0,0,0,0,0,0,0,0,0.00,0.00,0.00
452,Bruno G.,ARS,MID,59,1,0,0,0,3,0,12,0,0,0,6,0.00,0.01,0.61
453,Barnes,NEW,MID,90,9,0,2,0,1,1,34,0,0,0,9,0.11,0.11,1.59
454,Elanga,NEW,MID,0,0,0,0,0,0,0,0,0,0,0,0,0.00,0.00,0.00
455,Tonali,TOT,MID,83,2,0,0,0,3,0,18,0,0,0,11,0.06,0.21,1.10
456,J.Ramsey,NEW,MID,0,0,0,0,0,0,0,0,0,0,0,0,0.00,0.00,0.00
457,J.Murphy,NEW,MID,90,1,0,0,0,1,0,12,1,0,0,8,0.03,0.07,1.59
458,Joelinton,NEW,MID,0,0,0,0,0,0,0,0,0,0,0,0,0.00,0.00,0.00
459,L.Miley,NEW,MID,90,4,0,0,0,1,0,19,0,0,0,16,0.00,0.04,1.59
460,Willock,NEW,MID,86,10,1,0,0,1,3,38,0,0,0,6,0.17,0.04,1.46
461,Touré,NEW,MID,16,1,0,0,0,0,0,2,0,0,0,2,0.00,0.00,0.60
462,Steur,NEW,MID,65,3,0,0,1,0,0,18,0,0,0,7,0.00,0.03,0.52
463,Woltemade,NEW,FWD,0,0,0,0,0,0,0,0,0,0,0,0,0.00,0.00,0.00
464,Wissa,NEW,FWD,90,0,0,0,0,1,0,0,0,0,0,5,0.84,0.01,1.59
465,Osula,NEW,FWD,0,0,0,0,0,0,0,0,0,0,0,0,0.00,0.00,0.00
466,Neave,NEW,FWD,0,0,0,0,0,0,0,0,0,0,0,0,0.00,0.00,0.00
467,Sels,NFO,GK,90,2,0,0,0,1,0,10,0,0,2,0,0.00,0.00,0.67
468,John,NFO,GK,0,0,0,0,0,0,0,0,0,0,0,0,0.00,0.00,0.00
469,N.Williams,NFO,DEF,90,2,0,0,0,1,0,19,0,0,0,2,0.09,0.21,0.67
470,Morato,NFO,DEF,0,0,0,0,0,0,0,0,0,0,0,0,0.00,0.00,0.00
471,Milenković,NFO,DEF,0,0,0,0,0,0,0,0,0,0,0,0,0.00,0.00,0.00
472,Murillo,NFO,DEF,90,4,0,0,0,1,0,16,0,0,0,11,0.07,0.08,0.67
473,Aina,NFO,DEF,0,0,0,0,0,0,0,0,0,0,0,0,0.00,0.00,0.00
474,Jair Cunha,NFO,DEF,90,1,0,0,0,1,0,5,1,0,0,8,0.02,0.01,0.67
475,Savona,NFO,DEF,0,0,0,0,0,0,0,0,0,0,0,0,0.00,0.00,0.00
476,O.Richards,NFO,DEF,0,0,0,0,0,0,0,0,0,0,0,0,0.00,0.00,0.00
477,Abbott,NFO,DEF,0,0,0,0,0,0,0,0,0,0,0,0,0.00,0.00,0.00
478,Netz,NFO,DEF,7,1,0,0,0,0,0,5,0,0,0,0,0.00,0.02,0.00
479,Bindon,NFO,DEF,0,0,0,0,0,0,0,0,0,0,0,0,0.00,0.00,0.00
480,Gibbs-White,NFO,MID,90,2,0,0,0,1,0,25,0,0,0,2,0.00,0.40,0.67
481,Anderson,MCI,MID,90,2,0,0,0,3,0,15,0,0,0,9,0.02,0.02,3.57
482,Hudson-Odoi,NFO,MID,0,0,0,0,0,0,0,0,0,0,0,0,0.00,0.00,0.00
483,Ndoye,NFO,MID,58,1,0,0,0,1,0,3,0,0,0,1,0.20,0.05,0.63
484,Hutchinson,NFO,MID,0,0,0,0,0,0,0,0,0,0,0,0,0.00,0.00,0.00
485,Bakwa,NFO,MID,0,0,0,0,0,0,0,0,0,0,0,0,0.00,0.00,0.00
486,McAtee,NFO,MID,82,2,0,0,0,1,0,17,0,0,0,4,0.21,0.04,0.67
487,Dominguez,NFO,MID,0,0,0,0,0,0,0,0,0,0,0,0,0.00,0.00,0.00
488,I.Sangaré,NFO,MID,7,1,0,0,0,0,0,3,0,0,0,0,0.00,0.00,0.00
489,Yates,NFO,MID,0,0,0,0,0,0,0,0,0,0,0,0,0.00,0.00,0.00
490,Wood,NFO,FWD,17,1,0,0,0,0,0,4,0,0,0,0,0.00,0.00,0.04
491,Igor Jesus,NFO,FWD,31,1,0,0,0,0,0,4,0,0,0,3,0.16,0.01,0.04
492,Awoniyi,COV,FWD,0,0,0,0,0,0,0,0,0,0,0,0,0.00,0.00,0.00
493,Kalimuendo,NFO,FWD,0,0,0,0,0,0,0,0,0,0,0,0,0.00,0.00,0.00
494,Vicario,TOT,GK,0,0,0,0,0,0,0,0,0,0,0,0,0.00,0.00,0.00
495,Austin,TOT,GK,0,0,0,0,0,0,0,0,0,0,0,0,0.00,0.00,0.00
496,Kinsky,TOT,GK,90,2,0,0,0,3,0,5,0,0,3,0,0.00,0.00,1.16
497,Dubravka,TOT,GK,0,0,0,0,0,0,0,0,0,0,0,0,0.00,0.00,0.00
498,Senesi,TOT,DEF,0,0,0,0,0,0,0,0,0,0,0,0,0.00,0.00,0.00
499,Pedro Porro,TOT,DEF,18,1,0,0,0,0,0,4,0,0,0,1,0.01,0.00,0.04
500,Romero,TOT,DEF,0,0,0,0,0,0,0,0,0,0,0,0,0.00,0.00,0.00
501,Danso,SUN,DEF,90,0,0,0,0,5,0,-8,0,0,0,8,0.07,0.01,2.82
502,Robertson,TOT,DEF,90,4,0,1,0,3,0,15,0,0,0,3,0.00,0.26,1.16
503,Van de Ven,TOT,DEF,90,1,0,0,0,3,0,7,0,0,0,6,0.02,0.01,1.16
504,Vuskovic,BHA,DEF,90,8,0,0,1,0,0,27,0,0,0,12,0.00,0.00,1.63
505,Spence,TOT,DEF,0,0,0,0,0,0,0,0,0,0,0,0,0.00,0.00,0.00
506,Udogie,TOT,DEF,0,0,0,0,0,0,0,0,0,0,0,0,0.00,0.00,0.00
507,Phillips,TOT,DEF,0,0,0,0,0,0,0,0,0,0,0,0,0.00,0.00,0.00
508,Davies,TOT,DEF,0,0,0,0,0,0,0,0,0,0,0,0,0.00,0.00,0.00
509,Byfield,TOT,DEF,0,0,0,0,0,0,0,0,0,0,0,0,0.00,0.00,0.00
510,Rowswell,TOT,DEF,0,0,0,0,0,0,0,0,0,0,0,0,0.00,0.00,0.00
511,Souza,TOT,DEF,0,0,0,0,0,0,0,0,0,0,0,0,0.00,0.00,0.00
512,Kudus,TOT,MID,45,4,0,1,0,2,0,24,0,0,0,7,0.07,0.20,0.35
513,Xavi,TOT,MID,0,0,0,0,0,0,0,0,0,0,0,0,0.00,0.00,0.00
514,Tel,TOT,MID,0,0,0,0,0,0,0,0,0,0,0,0,0.00,0.00,0.00
515,Maddison,TOT,MID,24,1,0,0,0,2,0,9,0,0,0,6,0.06,0.02,0.15
516,Bentancur,TOT,MID,83,4,0,0,0,3,0,15,0,0,0,17,0.00,0.04,1.10
517,Odobert,TOT,MID,0,0,0,0,0,0,0,0,0,0,0,0,0.00,0.00,0.00
518,P.M.Sarr,TOT,MID,0,0,0,0,0,0,0,0,0,0,0,0,0.00,0.00,0.00
519,Gallagher,TOT,MID,6,6,1,0,0,0,0,24,0,0,0,4,0.35,0.00,0.07
520,Bergvall,TOT,MID,6,1,0,0,0,0,0,3,0,0,0,1,0.00,0.01,0.07
521,Kulusevski,TOT,MID,0,0,0,0,0,0,0,0,0,0,0,0,0.00,0.00,0.00
522,Gray,TOT,MID,71,2,0,0,0,3,0,14,0,0,0,5,0.14,0.01,1.12
523,Moore,TOT,MID,0,0,0,0,0,0,0,0,0,0,0,0,0.00,0.00,0.00
524,Olusesi,TOT,MID,0,0,0,0,0,0,0,0,0,0,0,0,0.00,0.00,0.00
525,Fernandes,TOT,MID,45,1,0,0,0,1,0,2,0,0,0,7,0.07,0.02,0.82
526,Solanke,TOT,FWD,65,2,0,0,0,1,0,9,0,0,0,6,0.12,0.00,1.01
527,Richarlison,TOT,FWD,0,0,0,0,0,0,0,0,0,0,0,0,0.00,0.00,0.00
528,Scarlett,TOT,FWD,0,0,0,0,0,0,0,0,0,0,0,0,0.00,0.00,0.00
529,Roefs,SUN,GK,90,0,0,0,0,5,0,-8,0,0,1,0,0.00,0.01,2.82
530,Patterson,SUN,GK,0,0,0,0,0,0,0,0,0,0,0,0,0.00,0.00,0.00
531,Ellborg,SUN,GK,0,0,0,0,0,0,0,0,0,0,0,0,0.00,0.00,0.00
532,Ballard,SUN,DEF,90,2,0,0,0,5,0,-12,0,0,0,14,0.14,0.00,2.82
533,Mukiele,SUN,DEF,90,0,0,0,0,5,0,5,0,0,0,9,0.05,0.23,2.82
534,Hume,SUN,DEF,11,1,0,0,0,1,0,-2,0,0,0,1,0.10,0.01,1.48
535,Alderete,SUN,DEF,0,0,0,0,0,0,0,0,0,0,0,0,0.00,0.00,0.00
536,Reinildo,SUN,DEF,0,0,0,0,0,0,0,0,0,0,0,0,0.00,0.00,0.00
537,Seelt,SUN,DEF,0,0,0,0,0,0,0,0,0,0,0,0,0.00,0.00,0.00
538,Hjelde,SUN,DEF,0,0,0,0,0,0,0,0,0,0,0,0,0.00,0.00,0.00
539,O'Nien,SUN,DEF,0,0,0,0,0,0,0,0,0,0,0,0,0.00,0.00,0.00
540,Masuaku,SUN,DEF,0,0,0,0,0,0,0,0,0,0,0,0,0.00,0.00,0.00
541,Meunier,SUN,DEF,78,3,0,1,0,4,0,5,0,0,0,4,0.00,0.45,1.34
542,E.Le Fée,SUN,MID,90,5,0,1,0,5,0,33,0,0,0,3,0.00,0.52,2.82
543,Diarra,SUN,MID,0,0,0,0,0,0,0,0,0,0,0,0,0.00,0.00,0.00
544,Xhaka,SUN,MID,90,2,0,0,0,5,0,25,0,0,0,8,0.00,0.38,2.82
545,Sadiki,SUN,MID,67,2,0,0,0,4,0,9,0,0,0,3,0.04,0.01,1.02
546,Adingra,SUN,MID,0,0,0,0,0,0,0,0,0,0,0,0,0.00,0.00,0.00
547,Mundle,SUN,MID,0,0,0,0,0,0,0,0,0,0,0,0,0.00,0.00,0.00
548,Rigg,SUN,MID,0,0,0,0,0,0,0,0,0,0,0,0,0.00,0.00,0.00
549,Talbi,SUN,MID,0,0,0,0,0,0,0,0,0,0,0,0,0.00,0.00,0.00
550,Jocelin.T,SUN,MID,0,0,0,0,0,0,0,0,0,0,0,0,0.00,0.00,0.00
551,N.Angulo,SUN,MID,59,4,0,1,0,4,0,13,0,0,0,4,0.45,0.01,0.75
552,Brobbey,SUN,FWD,90,17,3,0,0,5,3,92,0,0,0,0,2.35,0.04,2.82
553,Isidor,SUN,FWD,22,1,0,0,0,1,0,3,0,0,0,2,0.00,0.00,1.79
554,Van Oevelen,IPS,GK,0,0,0,0,0,0,0,0,0,0,0,0,0.00,0.00,0.00
555,Matthews,CRY,GK,0,0,0,0,0,0,0,0,0,0,0,0,0.00,0.00,0.00
556,Targett,HUL,DEF,0,0,0,0,0,0,0,0,0,0,0,0,0.00,0.00,0.00
557,Tzolis,ARS,MID,72,2,0,0,0,3,0,9,0,0,0,3,0.00,0.07,0.77
558,Schlager,NFO,MID,90,2,0,0,0,1,0,16,0,0,0,7,0.05,0.10,0.67
559,Bamba,NEW,MID,3,1,0,0,0,0,0,3,0,0,0,4,0.00,0.00,0.14
560,Penders,CHE,GK,0,0,0,0,0,0,0,0,0,0,0,0,0.00,0.00,0.00
561,Anselmino,CHE,DEF,0,0,0,0,0,0,0,0,0,0,0,0,0.00,0.00,0.00
562,Maeda,IPS,MID,16,1,0,0,0,0,0,5,0,0,0,1,0.00,0.01,0.48
563,Morita,HUL,MID,0,0,0,0,0,0,0,0,0,0,0,0,0.00,0.00,0.00
564,Scherpen,IPS,GK,0,0,0,0,0,0,0,0,0,0,0,0,0.00,0.00,0.00
565,M.Sangaré,BRE,MID,21,0,0,0,0,0,0,0,1,0,0,3,0.00,0.00,0.28
566,Silva,BOU,DEF,90,3,0,0,0,1,0,8,1,0,0,15,0.00,0.02,1.65
567,Horníček,NEW,GK,90,3,0,0,0,1,0,14,0,0,3,0,0.00,0.00,1.59
568,Barco,CHE,MID,86,2,0,0,0,2,0,21,0,0,0,9,0.03,0.02,2.22
569,Gonzalo,FUL,FWD,79,2,0,0,1,0,0,3,0,0,0,2,0.69,0.33,1.25
570,Palacios,FUL,MID,19,1,0,0,0,1,0,5,0,0,0,4,0.00,0.00,0.49
571,Florentino,IPS,MID,17,1,0,0,0,0,0,1,0,0,0,0,0.00,0.00,0.48
572,Tzolakis,HUL,GK,90,6,0,0,0,2,0,16,1,0,3,0,0.00,0.00,1.44
573,Sanchez,BOU,DEF,0,0,0,0,0,0,0,0,0,0,0,0,0.00,0.00,0.00
574,Hjertø-Dahl,HUL,MID,0,0,0,0,0,0,0,0,0,0,0,0,0.00,0.00,0.00
575,Yirenkyi,COV,MID,90,3,0,0,1,0,0,10,0,0,0,5,0.00,0.01,1.08
576,Stroud,HUL,MID,0,0,0,0,0,0,0,0,0,0,0,0,0.00,0.00,0.00
577,Tomiyasu,CRY,DEF,45,1,0,0,0,0,0,4,0,0,0,3,0.00,0.01,0.54
578,Mudryk,TOT,MID,0,0,0,0,0,0,0,0,0,0,0,0,0.00,0.00,0.00
579,Araujo,LIV,DEF,90,7,0,0,1,0,1,28,0,0,0,5,0.00,0.01,0.79
580,Charles,FUL,MID,90,4,0,0,0,1,0,16,0,0,0,13,0.00,0.02,1.60
581,Diomande,NFO,DEF,72,2,0,0,0,1,0,4,0,0,0,5,0.05,0.01,0.63
582,Madjo,AVL,FWD,0,0,0,0,0,0,0,0,0,0,0,0,0.00,0.00,0.00
583,Chavarria,CHE,DEF,90,1,0,0,0,3,0,7,0,0,0,9,0.04,0.04,2.65
584,Hamer,COV,MID,0,0,0,0,0,0,0,0,0,0,0,0,0.00,0.00,0.00
585,Herrington,HUL,DEF,90,1,0,0,0,2,0,11,0,0,0,8,0.02,0.03,1.44
586,Mendy,HUL,DEF,0,0,0,0,0,0,0,0,0,0,0,0,0.00,0.00,0.00
587,Rulli,MCI,GK,0,0,0,0,0,0,0,0,0,0,0,0,0.00,0.00,0.00
588,Khalaili,CRY,DEF,90,6,0,0,1,0,0,23,0,0,0,6,0.00,0.02,1.31
589,Gourna-Douath,HUL,MID,12,1,0,0,0,0,0,5,0,0,0,1,0.03,0.01,0.13
590,Benda,NFO,GK,0,0,0,0,0,0,0,0,0,0,0,0,0.00,0.00,0.00
591,Enciso,IPS,MID,73,2,0,0,0,1,0,11,0,0,0,5,0.34,0.05,1.76
592,Ouattara,IPS,DEF,90,2,0,0,0,1,0,17,0,0,0,8,0.02,0.01,2.24
593,Dedić,NEW,DEF,0,0,0,0,0,0,0,0,0,0,0,0,0.00,0.00,0.00
594,David,BHA,FWD,0,0,0,0,0,0,0,0,0,0,0,0,0.00,0.00,0.00
595,Gozo,CRY,MID,0,0,0,0,0,0,0,0,0,0,0,0,0.00,0.00,0.00
596,Ruggeri,AVL,DEF,90,3,0,0,0,2,0,11,0,0,0,13,0.03,0.01,1.56
597,Suzuki,AVL,GK,90,2,0,0,0,2,0,17,0,0,5,0,0.00,0.00,1.56
598,Elvedi,LEE,DEF,90,6,0,0,1,0,0,27,0,0,0,4,0.07,0.01,1.06
599,Cherif,COV,FWD,0,0,0,0,0,0,0,0,0,0,0,0,0.00,0.00,0.00
600,Osman,BHA,MID,0,0,0,0,0,0,0,0,0,0,0,0,0.00,0.00,0.00
601,Williams-Barnett,TOT,MID,0,0,0,0,0,0,0,0,0,0,0,0,0.00,0.00,0.00
602,Humphreys,IPS,MID,0,0,0,0,0,0,0,0,0,0,0,0,0.00,0.00,0.00
603,Lienou,LEE,DEF,0,0,0,0,0,0,0,0,0,0,0,0,0.00,0.00,0.00
604,Cresswell,LEE,MID,0,0,0,0,0,0,0,0,0,0,0,0,0.00,0.00,0.00
605,Yalcouyé,BHA,MID,5,1,0,0,0,0,0,9,0,0,0,1,0.04,0.18,0.14
606,Rowe,AVL,DEF,0,0,0,0,0,0,0,0,0,0,0,0,0.00,0.00,0.00
607,Lynch,AVL,MID,0,0,0,0,0,0,0,0,0,0,0,0,0.00,0.00,0.00
608,Jebbison,BOU,FWD,15,1,0,0,0,0,0,3,0,0,0,0,0.00,0.00,0.25
609,Shahar,NEW,DEF,0,0,0,0,0,0,0,0,0,0,0,0,0.00,0.00,0.00
610,De Fougerolles,FUL,DEF,0,0,0,0,0,0,0,0,0,0,0,0,0.00,0.00,0.00
611,Wan-Bissaka,AVL,DEF,45,1,0,0,0,0,0,6,0,0,0,6,0.00,0.01,0.64
612,Methalie,SUN,DEF,90,-1,0,0,0,5,0,-8,1,0,0,3,0.03,0.01,2.82
613,Ahoka,SUN,MID,0,0,0,0,0,0,0,0,0,0,0,0,0.00,0.00,0.00
614,Hadjam,BHA,DEF,0,0,0,0,0,0,0,0,0,0,0,0,0.00,0.00,0.00
615,Di Gregorio,BOU,GK,0,0,0,0,0,0,0,0,0,0,0,0,0.00,0.00,0.00
616,Bouaddi,MCI,MID,0,0,0,0,0,0,0,0,0,0,0,0,0.00,0.00,0.00
617,Cho,HUL,MID,27,6,1,0,0,0,0,25,0,0,0,0,0.27,0.20,0.16
618,Goretzka,AVL,MID,0,0,0,0,0,0,0,0,0,0,0,0,0.00,0.00,0.00
619,Palacios,IPS,MID,80,2,0,0,0,1,0,15,0,0,0,6,0.00,0.02,2.07
620,Diouf,BRE,DEF,9,1,0,0,0,0,0,3,0,0,0,1,0.00,0.00,0.13
621,McAidoo,MCI,MID,0,0,0,0,0,0,0,0,0,0,0,0,0.00,0.00,0.00
622,Braithwaite,MCI,DEF,0,0,0,0,0,0,0,0,0,0,0,0,0.00,0.00,0.00
623,Bentley,COV,GK,0,0,0,0,0,0,0,0,0,0,0,0,0.00,0.00,0.00
624,Cozier-Duberry,BHA,MID,0,0,0,0,0,0,0,0,0,0,0,0,0.00,0.00,0.00
625,Cairns,LEE,GK,0,0,0,0,0,0,0,0,0,0,0,0,0.00,0.00,0.00
626,Zepa,FUL,MID,0,0,0,0,0,0,0,0,0,0,0,0,0.00,0.00,0.00
627,Barcola,LIV,MID,71,3,0,0,1,0,0,8,0,0,0,3,0.05,0.03,0.66
628,Allan,MCI,MID,0,0,0,0,0,0,0,0,0,0,0,0,0.00,0.00,0.00
629,Zetterer,LEE,GK,0,0,0,0,0,0,0,0,0,0,0,0,0.00,0.00,0.00
630,Harwood-Bellis,AVL,DEF,0,0,0,0,0,0,0,0,0,0,0,0,0.00,0.00,0.00
631,Mbaye,AVL,MID,6,1,0,0,0,2,0,2,0,0,0,0,0.00,0.00,0.78
632,Ansah,HUL,FWD,0,0,0,0,0,0,0,0,0,0,0,0,0.00,0.00,0.00
633,Ahanor,CRY,DEF,0,0,0,0,0,0,0,0,0,0,0,0,0.00,0.00,0.00
634,Fernandez-Pardo,NEW,FWD,73,2,0,0,0,1,0,7,0,0,0,2,0.05,0.00,0.99
635,Larsson,FUL,MID,13,1,0,0,0,1,0,3,0,0,0,4,0.00,0.00,0.42
636,Ángel,FUL,MID,0,0,0,0,0,0,0,0,0,0,0,0,0.00,0.00,0.00
637,Vaz,HUL,FWD,12,1,0,0,0,0,0,5,0,0,0,1,0.00,0.01,0.13
638,Norton-Cuffy,HUL,DEF,0,0,0,0,0,0,0,0,0,0,0,0,0.00,0.00,0.00
639,Andrés,BHA,MID,84,8,1,0,1,0,0,27,0,0,0,9,0.28,0.11,1.48
640,Flemming,IPS,FWD,9,0,0,0,0,0,0,-2,1,0,0,3,0.10,0.00,0.16
641,Bard,LEE,DEF,0,0,0,0,0,0,0,0,0,0,0,0,0.00,0.00,0.00
642,Thomas,HUL,MID,62,2,0,0,0,2,0,2,0,0,0,3,0.19,0.04,1.28
643,Chilwell,CRY,DEF,0,0,0,0,0,0,0,0,0,0,0,0,0.00,0.00,0.00
644,Timber,CRY,MID,90,3,0,0,1,0,0,13,0,0,0,5,0.12,0.03,1.31
645,Mouzakitis,HUL,MID,0,0,0,0,0,0,0,0,0,0,0,0,0.00,0.00,0.00
646,Fofana,SUN,MID,30,1,0,0,0,1,0,6,0,0,0,3,0.39,0.01,2.07
647,Osorio,CRY,MID,0,0,0,0,0,0,0,0,0,0,0,0,0.00,0.00,0.00
648,Bahoya,LEE,MID,1,1,0,0,0,0,0,5,0,0,0,0,0.00,0.00,0.00
649,Maitland-Niles,EVE,DEF,90,8,0,0,1,0,2,39,0,0,0,8,0.00,0.11,1.28
650,Affengruber,FUL,DEF,90,4,0,0,0,1,0,17,0,0,0,11,0.00,0.02,1.60
651,J.Angulo,SUN,FWD,0,0,0,0,0,0,0,0,0,0,0,0,0.00,0.00,0.00
652,Azeez,BHA,MID,0,0,0,0,0,0,0,0,0,0,0,0,0.00,0.00,0.00
653,Samba,MCI,MID,0,0,0,0,0,0,0,0,0,0,0,0,0.00,0.00,0.00
654,Graham,EVE,MID,0,0,0,0,0,0,0,0,0,0,0,0,0.00,0.00,0.00
655,Gboho,COV,MID,0,0,0,0,0,0,0,0,0,0,0,0,0.00,0.00,0.00
656,Mfuni,COV,DEF,90,6,0,0,1,0,0,27,0,0,0,8,0.00,0.01,1.10
657,Nunes,BRE,MID,0,0,0,0,0,0,0,0,0,0,0,0,0.00,0.00,0.00
658,Ibrahim,BHA,MID,0,0,0,0,0,0,0,0,0,0,0,0,0.00,0.00,0.00
659,Miley,NEW,MID,0,0,0,0,0,0,0,0,0,0,0,0,0.00,0.00,0.00
660,Fredrick,BRE,DEF,0,0,0,0,0,0,0,0,0,0,0,0,0.00,0.00,0.00
661,Balcombe,BRE,GK,0,0,0,0,0,0,0,0,0,0,0,0,0.00,0.00,0.00
662,Nicoll-Jazuli,CHE,MID,3,1,0,0,0,1,0,5,0,0,0,2,0.00,0.00,0.43
663,Pivas,NEW,DEF,0,0,0,0,0,0,0,0,0,0,0,0,0.00,0.00,0.00
664,Salia,NEW,FWD,0,0,0,0,0,0,0,0,0,0,0,0,0.00,0.00,0.00
665,Mills,NEW,MID,0,0,0,0,0,0,0,0,0,0,0,0,0.00,0.00,0.00
666,Thompson,NEW,MID,0,0,0,0,0,0,0,0,0,0,0,0,0.00,0.00,0.00
667,Wright,AVL,GK,0,0,0,0,0,0,0,0,0,0,0,0,0.00,0.00,0.00
