id,web_name,team,pos,now_cost,cost_change_event,selected_by_percent,transfers_in_event,transfers_out_event
1,Raya,ARS,GK,61,1,42.2,116048,41681
2,Arrizabalaga,ARS,GK,49,0,0.1,92,223
3,Meslier,ARS,GK,49,0,0.0,43,106
4,Gabriel,ARS,DEF,80,0,22.8,21035,60474
5,J.Timber,ARS,DEF,65,0,0.4,10860,3506
6,Saliba,ARS,DEF,59,0,0.2,341,985
7,Lewis-Skelly,ARS,MID,54,-1,0.6,784,4625
8,Calafiori,ARS,DEF,58,0,50.5,67571,57045
9,Hincapie,ARS,DEF,52,-1,0.9,1285,5317
10,White,ARS,DEF,55,0,5.0,3191,61443
11,Mosquera,ARS,DEF,53,0,1.6,1054,8551
12,Saka,ARS,MID,95,0,13.6,92519,41860
13,Rice,ARS,MID,74,0,11.8,7262,71756
14,Eze,ARS,MID,63,0,1.0,1972,6173
15,Ødegaard,ARS,MID,68,0,19.8,67497,80434
16,Madueke,ARS,MID,62,0,0.2,675,1440
17,Merino,ARS,MID,58,0,0.4,631,2639
18,Martinelli,ARS,MID,63,0,0.1,0,493
19,Zubimendi,ARS,MID,53,0,0.6,438,3416
20,Dowman,ARS,MID,53,0,0.1,407,525
22,Nwaneri,ARS,MID,54,0,0.0,0,47
23,Fábio Vieira,ARS,MID,55,0,0.0,0,35
24,Nelson,ARS,MID,55,0,0.0,0,17
25,Gyökeres,ARS,FWD,71,-1,3.1,6453,15061
26,Havertz,ARS,FWD,76,0,8.4,49709,47637
27,G.Jesus,ARS,FWD,59,0,0.1,0,880
31,Konsa,ARS,DEF,46,1,19.4,82711,40259
452,Bruno G.,ARS,MID,67,0,1.8,4849,6837
557,Tzolis,ARS,MID,63,-1,12.2,10558,131276
29,M.Bizot,AVL,GK,45,0,0.1,52,916
30,Digne,AVL,DEF,45,0,0.0,0,197
32,Cash,AVL,DEF,44,0,4.9,2388,23100
33,Mings,AVL,DEF,45,0,0.4,1483,1234
34,Pau,AVL,DEF,45,0,0.3,38,2866
35,Bogarde,AVL,MID,49,-1,0.1,156,409
36,Maatsen,AVL,DEF,44,-1,0.5,48,5652
37,Lindelöf,AVL,DEF,45,0,0.3,896,1146
38,A.García,AVL,DEF,40,0,1.5,1659,5493
39,Nedeljkovic,AVL,DEF,40,0,0.1,0,488
41,Buendía,AVL,MID,59,0,1.0,10812,3595
44,Bailey,AVL,MID,54,0,0.1,0,428
45,McGinn,AVL,MID,54,0,2.2,6075,7564
46,Barkley,AVL,MID,50,0,0.3,506,1628
47,Kamara,AVL,MID,50,0,0.3,1150,1418
48,Onana,AVL,MID,49,0,0.0,35,84
49,Iling Jr,AVL,MID,50,0,0.0,0,10
50,Burrowes,AVL,MID,45,0,0.6,569,3090
51,George Hemmings,AVL,MID,45,0,1.2,2905,8893
52,Alysson,AVL,MID,50,0,0.0,64,717
53,Manzambi,AVL,MID,59,0,0.4,26084,2637
54,Gomes,AVL,MID,55,0,0.0,397,165
55,Watkins,AVL,FWD,78,0,2.5,0,10955
56,Abraham,AVL,FWD,55,0,0.2,1452,1559
160,Garnacho,AVL,MID,58,0,0.3,460,2536
166,N.Jackson,AVL,FWD,65,0,1.4,30808,6880
582,Madjo,AVL,FWD,54,0,0.2,165,1628
596,Ruggeri,AVL,DEF,45,0,0.1,457,287
597,Suzuki,AVL,GK,50,0,1.9,12401,5739
606,Rowe,AVL,DEF,40,0,0.2,281,823
607,Lynch,AVL,MID,45,0,0.1,0,643
611,Wan-Bissaka,AVL,DEF,45,0,0.2,1305,1302
618,Goretzka,AVL,MID,59,0,0.0,17,388
630,Harwood-Bellis,AVL,DEF,45,0,0.0,166,163
631,Mbaye,AVL,MID,60,0,0.1,805,1045
667,Wright,AVL,GK,40,0,0.1,6273,641
57,Petrović,BOU,GK,45,0,3.0,5356,10509
58,Forster,BOU,GK,40,0,3.5,7383,6517
59,Dennis,BOU,GK,40,0,0.1,0,502
60,Hill,BOU,DEF,55,0,0.8,2790,2763
61,Truffert,BOU,DEF,54,-1,3.0,4030,11017
62,Diakité,BOU,DEF,49,-1,0.2,426,869
63,Milosavljević,BOU,DEF,49,0,0.0,21,38
64,Smith,BOU,DEF,45,0,0.1,359,430
65,J.Araujo,BOU,DEF,44,0,0.0,31,42
66,Soler,BOU,DEF,40,0,0.3,672,1017
67,Rayan,BOU,MID,63,-1,1.6,3479,9012
68,Tavernier,BOU,MID,61,0,6.7,73999,38649
69,Scott,BOU,MID,61,0,5.7,20755,35231
70,Kluivert,BOU,MID,60,0,0.9,2283,16229
71,Cook,BOU,MID,50,0,0.2,242,1057
72,Gannon-Doak,BOU,MID,49,0,0.1,128,339
73,Adams,BOU,MID,50,0,0.3,978,1490
74,Brooks,BOU,MID,50,0,0.1,160,303
75,Christie,BOU,MID,50,0,0.0,267,224
76,Tóth.A,BOU,MID,49,0,0.0,25,52
77,Adli,BOU,MID,49,0,0.0,21,66
78,Kroupi.Jr,BOU,MID,74,0,0.2,159,739
79,Evanilson,BOU,FWD,60,0,3.2,15031,19143
80,Enes Ünal,BOU,FWD,55,0,0.0,0,47
81,Rodríguez,BOU,FWD,60,0,0.1,641,640
566,Silva,BOU,DEF,50,0,0.4,4909,2732
573,Sanchez,BOU,DEF,44,0,0.2,137,389
608,Jebbison,BOU,FWD,50,0,0.1,789,804
615,Di Gregorio,BOU,GK,45,0,0.0,166,169
82,Kelleher,BRE,GK,50,0,6.1,18076,11862
83,Valdimarsson,BRE,GK,45,0,0.1,259,297
84,Collins,BRE,DEF,54,0,1.0,106,8453
85,Van den Berg,BRE,DEF,49,0,0.1,31,289
86,Lewis-Potter,BRE,MID,55,0,1.7,3394,11072
87,Ajer,BRE,DEF,45,0,3.9,10158,20308
88,Kayode,BRE,DEF,46,0,7.6,11779,19029
89,Henry,BRE,DEF,44,0,0.2,146,531
90,Hickey,BRE,DEF,45,0,0.1,161,224
92,Ji-soo,BRE,DEF,44,-1,0.0,56,82
93,Schuster,BRE,DEF,45,0,0.3,14009,1837
94,Schade,BRE,MID,62,1,11.2,358399,20421
95,O.Dango,BRE,MID,63,0,0.5,706,3313
96,Damsgaard,BRE,MID,54,0,0.4,1366,1860
97,Jensen,BRE,MID,54,0,0.1,17,578
98,Janelt,BRE,MID,50,0,2.5,17697,16158
99,Milambo,BRE,MID,50,0,0.0,6,6
100,Carvalho,BRE,MID,50,0,0.0,572,156
102,Yarmoliuk,BRE,MID,48,0,0.6,1188,2951
103,Dasilva,BRE,MID,49,0,0.0,9,91
105,Anthony,BRE,MID,59,0,0.1,2115,534
106,Thiago,BRE,FWD,78,0,9.0,48860,33947
107,Furo,BRE,FWD,45,0,0.9,546,8711
108,Wilson,BRE,FWD,54,-1,0.3,1040,2257
565,M.Sangaré,BRE,MID,56,-1,10.0,7664,131485
620,Diouf,BRE,DEF,45,0,0.1,425,615
657,Nunes,BRE,MID,45,0,0.0,308,242
660,Fredrick,BRE,DEF,40,0,0.0,472,60
661,Balcombe,BRE,GK,40,0,0.0,2629,472
109,Verbruggen,BHA,GK,45,0,21.6,64595,64809
111,Steele,BHA,GK,40,0,4.1,6485,13437
113,F.Kadıoğlu,BHA,DEF,44,0,1.6,3594,6236
114,Boscagli,BHA,DEF,45,0,0.3,1786,683
115,De Cuyper,BHA,DEF,49,0,27.6,274422,17727
116,Dunk,BHA,DEF,45,0,1.5,7414,8361
117,Coppola,BHA,DEF,45,0,0.0,100,82
118,Igor,BHA,DEF,45,0,0.0,0,256
119,Costinha,BHA,DEF,45,0,0.0,154,121
120,Svoboda,BHA,DEF,50,0,0.1,1258,415
121,Mitoma,BHA,MID,59,0,0.0,99,155
122,Minteh,BHA,MID,58,-1,0.0,42,195
123,Hinshelwood,BHA,MID,59,0,0.6,238,6153
124,Groß,BHA,MID,58,1,28.4,739815,9914
125,Georginio,BHA,FWD,53,-1,0.5,2331,3488
126,O'Riley,BHA,MID,54,0,0.1,366,512
127,Gomez,BHA,MID,50,0,4.0,11089,35799
128,Buonanotte,BHA,MID,50,0,0.0,0,6
129,Ayari,BHA,MID,54,0,0.4,1993,1806
130,Wieffer,BHA,DEF,49,0,0.2,25,1779
132,Howell,BHA,MID,45,0,0.0,0,182
133,Watson,BHA,MID,50,0,0.0,0,3
134,Oriola,BHA,MID,45,0,0.2,319,1245
135,Yohanna,BHA,MID,49,0,0.0,19,349
137,Tzimas,BHA,FWD,54,0,0.0,29,44
138,Kostoulas,BHA,FWD,56,1,3.8,282660,14873
139,Ferguson,BHA,FWD,50,0,0.0,113,238
328,Struijk,BHA,DEF,49,0,0.2,630,692
504,Vuskovic,BHA,DEF,50,0,3.6,49755,11184
594,David,BHA,FWD,59,-1,0.2,2807,2010
600,Osman,BHA,MID,50,0,0.0,100,116
605,Yalcouyé,BHA,MID,45,0,4.0,23706,30465
614,Hadjam,BHA,DEF,45,0,0.0,228,233
624,Cozier-Duberry,BHA,MID,50,0,0.0,0,5
639,Andrés,BHA,MID,55,0,0.0,2523,266
652,Azeez,BHA,MID,55,0,0.0,16,39
658,Ibrahim,BHA,MID,45,0,0.0,275,199
28,Martinez,CHE,GK,50,0,4.8,6601,20141
40,Rogers,CHE,MID,77,0,40.4,129435,63683
101,Henderson,CHE,MID,49,0,0.0,463,135
136,Welbeck,CHE,FWD,59,0,1.0,6459,8462
140,Sánchez,CHE,GK,49,0,0.7,0,4279
141,Jörgensen,CHE,GK,50,0,0.0,0,30
142,James,CHE,DEF,54,0,5.9,547,71998
143,Chalobah,CHE,DEF,55,0,0.1,0,277
144,Gusto,CHE,DEF,49,-1,1.0,1459,6434
145,Fofana,CHE,DEF,50,0,0.2,2169,1142
146,B.Badiashile,CHE,DEF,45,0,0.0,0,38
148,Hato,CHE,DEF,45,0,0.8,724,6848
149,Colwill,CHE,DEF,48,-1,0.9,945,4953
150,M.Sarr,CHE,DEF,45,0,0.0,0,142
151,Acheampong,CHE,DEF,45,0,0.3,368,1755
152,Palestra,CHE,DEF,53,0,0.6,180,3469
154,Palmer,CHE,MID,97,0,25.9,43976,145491
156,Neto,CHE,MID,65,0,1.4,4344,8919
157,Estêvão,CHE,MID,63,0,0.7,1491,3973
158,Gittens,CHE,MID,58,-1,0.0,144,197
159,Caicedo,CHE,MID,53,0,1.0,361,8105
161,Lavia,CHE,MID,50,0,0.2,373,2292
163,D.Essugo,CHE,MID,45,0,0.1,0,645
164,Quenda,CHE,MID,53,0,0.0,63,165
165,João Pedro,CHE,FWD,77,-1,65.4,52450,365033
168,Marc Guiu,CHE,FWD,50,0,0.2,0,1383
169,Mheuka,CHE,FWD,45,0,0.5,3982,3191
170,Emegha,CHE,FWD,50,0,0.1,66,976
200,Lacroix,CHE,DEF,59,-1,6.8,6798,26735
560,Penders,CHE,GK,44,0,0.1,219,260
561,Anselmino,CHE,DEF,45,0,0.0,54,99
568,Barco,CHE,MID,54,0,0.1,199,408
583,Chavarria,CHE,DEF,49,0,0.1,357,485
662,Nicoll-Jazuli,CHE,MID,45,0,0.0,307,60
91,Pinnock,COV,DEF,45,0,0.1,335,200
104,Onyeka,COV,MID,49,0,0.1,155,409
110,Rushworth,COV,GK,45,0,0.8,2258,5530
171,Dovin,COV,GK,40,0,1.0,0,4274
172,Wilson,COV,GK,44,0,0.4,203,587
173,Thomas,COV,DEF,40,0,8.6,22750,27383
174,Kitching,COV,DEF,40,0,0.3,0,1605
175,van Ewijk,COV,DEF,40,0,8.8,1085,69648
176,Dasilva,COV,DEF,40,0,0.7,5481,1447
177,Kesler-Hayden,COV,DEF,39,-1,0.0,922,462
178,Bidwell,COV,DEF,40,0,0.1,169,269
179,Latibeaudiere,COV,DEF,40,0,0.0,64,117
180,Woolfenden,COV,DEF,40,0,0.1,21,461
181,Brau,COV,DEF,40,0,0.0,0,87
182,Amenda,COV,DEF,40,0,0.6,26,6202
183,Rudoni,COV,MID,49,0,0.1,792,591
184,Grimes,COV,MID,49,0,0.1,164,779
185,Sakamoto,COV,MID,48,0,0.1,114,352
186,Mason-Clark,COV,MID,53,-1,0.1,69,332
187,Eccles,COV,MID,48,-1,0.0,11,84
188,Torp,COV,MID,53,-1,0.1,40,392
189,Shepherd,COV,MID,44,0,0.3,3796,2061
190,Tchaouna,COV,MID,54,0,0.1,19,315
191,Borges Rodrigues,COV,MID,45,0,0.1,0,611
192,Andrews,COV,MID,45,0,0.3,0,1808
193,Wright,COV,FWD,54,0,0.1,40,482
194,Thomas-Asante,COV,FWD,50,0,0.8,6908,5216
195,Simms,COV,FWD,49,-1,0.6,1441,4813
196,Markelo,COV,FWD,50,0,0.0,0,57
197,Bassette,COV,FWD,45,0,0.0,0,131
492,Awoniyi,COV,FWD,54,-1,0.4,57,4599
575,Yirenkyi,COV,MID,48,-1,0.1,258,889
584,Hamer,COV,MID,54,0,0.1,40,359
599,Cherif,COV,FWD,50,0,0.1,462,697
623,Bentley,COV,GK,40,0,0.6,7553,2032
655,Gboho,COV,MID,55,0,0.0,65,49
656,Mfuni,COV,DEF,40,0,0.1,1671,761
42,Guessand,CRY,MID,54,0,0.0,94,238
153,Disasi,CRY,DEF,45,0,0.1,21,689
198,Henderson,CRY,GK,50,0,1.3,116,9938
199,Benitez,CRY,GK,45,0,0.1,581,303
202,Richards,CRY,DEF,50,0,0.6,1413,1955
203,Canvot,CRY,DEF,48,-1,0.2,337,779
204,Mitchell,CRY,DEF,45,0,6.0,12164,14220
205,Sosa,CRY,DEF,45,0,0.0,0,91
206,Chadi Riad,CRY,DEF,43,-1,0.0,21,111
207,Mingueza,CRY,DEF,44,0,0.1,70,254
208,Sarr,CRY,MID,62,0,0.6,2248,1958
210,Wharton,CRY,MID,54,-1,0.7,1033,4183
211,Yeremy,CRY,MID,55,0,0.3,635,2400
212,Hughes,CRY,MID,44,0,7.4,8158,40353
213,Lerma,CRY,MID,48,-1,0.1,77,326
214,Kamada,CRY,MID,50,0,0.5,2801,2654
215,Devenny,CRY,MID,50,0,0.0,0,31
216,Esse,CRY,MID,50,0,0.0,0,105
217,M.França,CRY,MID,49,0,0.0,0,133
218,Doucouré,CRY,MID,48,-1,0.0,97,267
219,J.Rak-Sakyi,CRY,MID,49,0,0.0,0,20
220,Cardines,CRY,DEF,45,0,0.0,0,3
221,Drakes-Thomas,CRY,MID,45,0,0.1,128,381
222,Strand Larsen,CRY,FWD,60,0,0.6,4066,3455
223,Mateta,CRY,FWD,63,0,1.3,182,8032
224,Nketiah,CRY,FWD,55,0,0.5,1080,3056
225,Uche,CRY,FWD,50,0,0.0,0,0
241,McNeil,CRY,MID,54,0,0.1,58,428
555,Matthews,CRY,GK,40,0,1.7,955,2746
577,Tomiyasu,CRY,DEF,44,0,0.3,144,967
588,Khalaili,CRY,DEF,50,0,0.3,1782,961
595,Gozo,CRY,MID,50,0,0.0,37,71
633,Ahanor,CRY,DEF,45,0,0.0,123,99
643,Chilwell,CRY,DEF,45,0,0.4,493,2696
644,Timber,CRY,MID,50,0,0.0,410,277
647,Osorio,CRY,MID,55,0,0.0,21,66
21,Nørgaard,EVE,MID,49,0,0.0,36,271
209,Johnson,EVE,MID,59,0,0.1,339,638
226,Pickford,EVE,GK,55,0,9.1,25935,13292
227,Travers,EVE,GK,50,0,0.0,213,231
228,King,EVE,GK,45,0,0.0,98,153
229,Tarkowski,EVE,DEF,61,0,16.2,198565,16822
230,Branthwaite,EVE,DEF,55,0,2.4,17326,5926
231,Keane,EVE,DEF,48,0,0.7,342,3487
232,O'Brien,EVE,DEF,48,-1,0.3,291,1025
233,Mykolenko,EVE,DEF,46,1,4.2,38966,15244
234,Patterson,EVE,DEF,45,0,0.0,0,107
235,Aznou,EVE,DEF,40,0,0.1,0,495
236,Dewsbury-Hall,EVE,MID,66,1,6.0,32374,40663
238,Grealish,EVE,MID,65,0,0.5,3178,2678
239,Garner,EVE,MID,60,0,0.2,1465,1762
242,George,EVE,MID,55,0,0.9,2166,10018
243,Alcaraz,EVE,MID,49,0,0.1,151,366
244,Armstrong,EVE,MID,50,0,0.4,726,3091
245,Dibling,EVE,MID,54,0,0.0,109,136
246,Röhl,EVE,MID,49,0,0.0,7,545
247,Hackney,EVE,MID,54,-1,0.2,175,996
248,Beto,EVE,FWD,54,0,0.6,0,6583
249,Barry,EVE,FWD,56,0,8.2,71926,33901
649,Maitland-Niles,EVE,DEF,45,0,1.4,17669,3856
654,Graham,EVE,MID,45,0,0.1,213,923
250,Leno,FUL,GK,45,0,3.3,33434,9288
251,Lecomte,FUL,GK,40,0,1.1,2202,2212
252,McNally,FUL,GK,40,0,0.1,0,550
253,Andersen,FUL,DEF,50,0,0.2,2430,975
254,Robinson,FUL,DEF,45,0,1.4,13898,5592
255,J.Cuenca,FUL,DEF,45,0,0.0,58,97
256,Tete,FUL,DEF,44,0,0.2,45,981
257,Bassey,FUL,DEF,45,0,0.7,4460,1504
258,Castagne,FUL,DEF,45,0,0.9,13034,4124
261,Iwobi,FUL,MID,54,0,0.7,2879,2867
262,Smith Rowe,FUL,MID,53,-1,0.2,259,1215
263,Kevin,FUL,MID,53,0,0.0,179,252
264,Bobb,FUL,MID,55,0,0.3,1929,1595
265,Berge,FUL,MID,49,0,0.3,527,1144
266,Cairney,FUL,MID,49,0,0.0,7,20
268,King,FUL,MID,55,0,2.5,75278,15331
269,Sessegnon,FUL,DEF,43,-1,0.3,245,1178
270,Reed,FUL,MID,44,0,1.1,2588,6226
271,Muniz,FUL,FWD,54,0,0.4,1457,2444
272,Kusi-Asare,FUL,FWD,45,0,5.4,9536,30310
569,Gonzalo,FUL,FWD,60,0,3.9,55811,28580
570,Palacios,FUL,MID,54,0,0.2,659,869
580,Charles,FUL,MID,50,0,0.1,498,359
610,De Fougerolles,FUL,DEF,40,0,0.1,0,458
626,Zepa,FUL,MID,45,0,0.3,116,2003
635,Larsson,FUL,MID,50,0,0.0,80,62
636,Ángel,FUL,MID,50,0,0.0,27,23
650,Affengruber,FUL,DEF,45,0,0.1,3330,697
240,Iroegbunam,HUL,MID,50,0,0.0,71,126
273,Phillips,HUL,GK,40,0,1.4,2645,3033
274,Butland,HUL,GK,44,-1,0.1,60,282
275,Cartwright,HUL,GK,40,0,0.0,0,23
276,Lo-Tutala,HUL,GK,40,0,0.0,0,106
277,Egan,HUL,DEF,41,0,7.0,24795,26268
278,Hughes,HUL,DEF,39,0,0.2,1002,1751
279,Ajayi,HUL,DEF,42,0,14.0,40262,53398
280,Coyle,HUL,DEF,40,0,0.7,1873,1813
281,Drameh,HUL,DEF,40,0,0.0,0,229
282,Giles,HUL,DEF,40,0,2.9,19659,12267
283,Jacob,HUL,DEF,40,0,0.0,0,33
284,McCarthy,HUL,DEF,40,0,0.1,358,397
285,McNair,HUL,DEF,40,0,0.1,173,375
286,Belloumi,HUL,MID,51,0,5.0,68419,21755
287,Millar,HUL,MID,50,0,0.0,0,270
288,Dowell,HUL,MID,45,0,0.3,526,1829
289,Crooks,HUL,MID,44,-1,0.5,4623,3770
290,Slater,HUL,MID,45,0,5.3,14142,34006
291,Matazo,HUL,MID,45,0,0.0,27,51
292,Ömür,HUL,MID,49,0,0.0,81,135
293,Kamara,HUL,MID,50,0,0.0,0,12
294,Zambrano,HUL,MID,45,0,0.1,129,456
295,McBurnie,HUL,FWD,55,0,1.9,6806,16529
296,Akintola,HUL,MID,50,0,0.0,0,247
297,Gyabi,HUL,MID,44,-1,0.0,44,121
298,Destan,HUL,FWD,45,0,0.2,0,1153
299,Burstow,HUL,FWD,45,0,0.0,0,199
340,Gelhardt,HUL,MID,50,0,0.0,85,97
556,Targett,HUL,DEF,40,0,1.6,97,8936
563,Morita,HUL,MID,50,0,0.0,12,145
572,Tzolakis,HUL,GK,47,1,12.7,115834,18359
574,Hjertø-Dahl,HUL,MID,49,0,0.1,69,298
576,Stroud,HUL,MID,50,0,0.1,117,421
585,Herrington,HUL,DEF,40,0,0.6,933,1497
586,Mendy,HUL,DEF,41,0,6.3,6112,31672
589,Gourna-Douath,HUL,MID,50,0,0.0,30,101
617,Cho,HUL,MID,50,0,0.0,317,131
632,Ansah,HUL,FWD,50,0,0.0,58,375
637,Vaz,HUL,FWD,50,0,0.1,1628,1047
638,Norton-Cuffy,HUL,DEF,40,0,0.2,445,2259
642,Thomas,HUL,MID,55,0,0.0,417,314
645,Mouzakitis,HUL,MID,50,0,0.0,79,86
259,Diop,IPS,DEF,40,0,12.8,6332,50287
267,Lukić,IPS,MID,49,-1,0.1,175,475
300,Walton,IPS,GK,44,0,0.4,1474,870
301,Palmer,IPS,GK,40,0,3.9,3564,10741
302,Button,IPS,GK,40,0,0.6,1307,1181
303,Kipré,IPS,DEF,39,0,0.9,4039,3920
304,O'Shea,IPS,DEF,40,0,2.7,1713,13378
305,Davis,IPS,DEF,40,0,6.9,44677,23611
306,Greaves,IPS,DEF,40,0,1.1,424,3059
307,Johnson,IPS,DEF,40,0,0.1,0,320
308,Furlong,IPS,DEF,39,0,0.6,5807,2489
309,Núñez,IPS,MID,49,0,0.1,83,559
310,Matusiwa,IPS,MID,49,0,0.0,14,15
311,Burns,IPS,MID,50,0,0.0,0,8
312,Taylor,IPS,MID,44,-1,0.0,347,232
313,Clarke,IPS,MID,54,0,0.2,117,848
314,Ogbene,IPS,MID,49,0,0.0,0,60
315,Fatawu,IPS,MID,54,0,0.2,52,2288
316,Emersonn,IPS,FWD,55,0,3.5,29774,20967
317,Hirst,IPS,FWD,50,0,0.1,0,423
318,Philogene,IPS,MID,54,0,0.1,30,142
319,Szmodics,IPS,MID,50,0,0.0,0,8
320,Akpom,IPS,FWD,50,0,1.2,4570,8852
321,Walle Egeli,IPS,FWD,45,0,3.5,16002,24196
322,Al-Hamadi,IPS,FWD,50,0,0.1,0,334
323,McAteer,IPS,MID,44,-1,1.0,1137,5836
324,Mehmeti,IPS,MID,48,-1,0.0,62,127
554,Van Oevelen,IPS,GK,45,0,0.0,0,70
562,Maeda,IPS,MID,53,-1,0.2,115,1343
564,Scherpen,IPS,GK,45,0,0.6,522,2600
571,Florentino,IPS,MID,48,-1,0.1,98,304
591,Enciso,IPS,MID,55,0,0.8,1889,5620
592,Ouattara,IPS,DEF,40,0,0.9,616,1864
602,Humphreys,IPS,MID,45,0,0.0,0,217
619,Palacios,IPS,MID,50,0,0.1,451,762
640,Flemming,IPS,FWD,55,0,0.1,777,893
260,Wilson,LEE,MID,62,0,1.7,64,37202
326,Perri,LEE,GK,45,0,0.3,0,1122
327,Bijol,LEE,DEF,50,0,0.7,723,5046
329,Rodon,LEE,DEF,43,-1,0.8,41,8098
330,Bogle,LEE,DEF,46,0,7.0,111333,21775
331,Gudmundsson,LEE,DEF,45,0,0.1,451,286
332,Justin,LEE,DEF,45,0,1.5,3595,5126
333,Bornauw,LEE,DEF,45,0,0.0,0,5
334,Muharemović,LEE,DEF,50,0,4.3,23974,19826
335,Stach,LEE,MID,60,0,2.5,4231,17862
336,Okafor,LEE,MID,58,0,0.4,1550,3060
337,Aaronson,LEE,MID,53,-1,0.5,188,3082
338,Ampadu,LEE,MID,54,0,0.9,1393,4408
339,Longstaff,LEE,MID,49,0,0.1,117,568
341,Gnonto,LEE,MID,50,0,0.0,0,47
342,Harrison,LEE,MID,50,0,0.0,0,5
343,James,LEE,MID,49,0,0.1,171,511
344,Gruev,LEE,MID,50,0,0.0,43,15
345,Tanaka,LEE,MID,49,0,0.3,1929,2019
346,Calvert-Lewin,LEE,FWD,60,0,24.9,82187,154398
347,Nmecha,LEE,FWD,54,0,0.5,1722,3399
348,Piroe,LEE,FWD,50,0,0.1,0,382
349,Mateo Joseph,LEE,FWD,45,0,0.1,280,426
385,Trafford,LEE,GK,50,0,5.5,18738,12931
598,Elvedi,LEE,DEF,45,0,0.1,195,208
603,Lienou,LEE,DEF,40,0,0.1,221,468
604,Cresswell,LEE,MID,45,0,0.1,272,823
625,Cairns,LEE,GK,40,0,0.2,761,700
629,Zetterer,LEE,GK,40,0,0.7,2758,2482
641,Bard,LEE,DEF,45,0,0.0,89,70
648,Bahoya,LEE,MID,50,0,0.0,99,165
350,A.Becker,LIV,GK,55,0,4.0,10760,10274
351,Mamardashvili,LIV,GK,49,0,0.1,220,547
352,Woodman,LIV,GK,40,0,1.0,696,2112
353,Pecsi,LIV,GK,40,0,0.0,0,53
354,Jaros,LIV,GK,40,0,0.0,184,146
355,Davies,LIV,GK,40,0,0.2,258,418
356,Virgil,LIV,DEF,65,0,16.2,18300,39215
357,Frimpong,LIV,DEF,53,0,1.8,1417,11618
358,Kerkez,LIV,DEF,54,0,2.2,2289,9052
359,Gomez,LIV,DEF,49,0,0.0,284,104
360,Bradley,LIV,DEF,50,0,0.0,46,69
361,Lucky,LIV,DEF,40,0,0.1,250,491
362,Jacquet,LIV,DEF,50,0,3.5,29545,11494
363,Leoni,LIV,DEF,40,0,0.0,59,155
364,Tsimikas,LIV,DEF,49,0,0.1,75,357
365,Ramsay,LIV,DEF,40,0,0.1,0,407
366,Wirtz,LIV,MID,73,0,5.8,2545,38822
367,Gakpo,LIV,MID,72,0,12.6,47275,72101
368,Szoboszlai,LIV,MID,70,0,32.9,31169,194188
369,Ngumoha,LIV,MID,57,-1,0.5,655,3859
370,Chiesa,LIV,MID,53,-1,0.0,14,213
371,Gravenberch,LIV,MID,58,-1,1.1,1079,8326
372,Mac Allister,LIV,MID,54,0,1.3,3432,6200
373,C.Jones,LIV,MID,55,0,0.0,0,52
374,Endo,LIV,MID,49,0,0.1,142,389
375,Nyoni,LIV,MID,49,0,0.0,75,274
376,Bajcetic,LIV,MID,50,0,0.0,0,1
377,Munoz,LIV,MID,65,0,0.9,1226,10620
378,McConnell,LIV,MID,44,0,0.2,980,1331
379,Isak,LIV,FWD,91,0,22.5,105465,62382
380,Ekitiké,LIV,FWD,74,0,0.1,313,715
381,Koumas,LIV,MID,50,0,0.0,129,163
382,Danns,LIV,FWD,45,0,0.2,3078,2126
383,Elliott,LIV,MID,54,0,0.0,0,194
579,Araujo,LIV,DEF,54,0,3.0,14800,9342
627,Barcola,LIV,MID,80,0,1.8,8221,17130
155,Enzo,MCI,MID,69,0,3.6,27530,12528
237,Ndiaye,MCI,MID,58,-1,6.8,6207,63639
384,Donnarumma,MCI,GK,55,0,7.6,9638,27260
386,Bettinelli,MCI,GK,45,0,0.0,46,76
387,O'Reilly,MCI,DEF,63,-1,11.0,4567,64853
388,Guéhi,MCI,DEF,60,0,18.3,21483,44921
389,Matheus N.,MCI,DEF,59,0,1.0,1473,2597
390,Rúben,MCI,DEF,55,0,1.9,4139,8183
391,Gvardiol,MCI,DEF,57,0,26.7,133497,46223
392,Aït-Nouri,MCI,DEF,53,0,0.4,463,1972
393,Khusanov,MCI,DEF,54,0,1.4,1251,8314
394,Alleyne,MCI,DEF,50,0,0.0,0,17
395,Lewis,MCI,DEF,44,0,0.2,266,1084
396,Vitor Reis,MCI,DEF,45,0,0.0,63,130
397,Semenyo,MCI,MID,84,0,15.5,119919,49374
398,Foden,MCI,MID,69,0,1.8,168,25809
399,Cherki,MCI,MID,78,0,28.3,106214,80092
400,Doku,MCI,MID,74,0,0.7,3432,1722
402,Rodrigo,MCI,MID,65,0,0.0,0,22
404,Reijnders,MCI,MID,60,0,0.0,0,84
406,Kovačić,MCI,MID,54,0,0.1,92,406
407,Echeverri,MCI,MID,49,0,0.0,0,49
408,Phillips,MCI,MID,50,0,0.0,0,10
409,Mukasa,MCI,MID,45,0,0.1,0,527
410,Monga,MCI,MID,49,0,0.0,0,45
411,Haaland,MCI,FWD,156,0,73.7,68890,16872
481,Anderson,MCI,MID,63,0,4.0,6907,25379
587,Rulli,MCI,GK,50,0,0.0,59,92
616,Bouaddi,MCI,MID,55,0,0.2,753,1952
621,McAidoo,MCI,MID,45,0,0.1,172,988
622,Braithwaite,MCI,DEF,40,0,0.2,521,1491
628,Allan,MCI,MID,60,0,0.0,199,146
653,Samba,MCI,MID,45,0,0.0,222,435
43,Tielemans,MUN,MID,58,0,1.5,2691,9787
131,Baleba,MUN,MID,49,0,0.1,1058,644
162,Andrey Santos,MUN,MID,48,0,0.6,923,4487
325,Darlow,MUN,GK,45,0,0.0,57,177
412,Lammens,MUN,GK,49,0,9.9,5843,44659
413,Bayindir,MUN,GK,45,0,0.0,0,33
414,Heaton,MUN,GK,40,0,0.1,180,237
415,Dorgu,MUN,MID,58,0,0.5,947,3477
416,De Ligt,MUN,DEF,50,0,0.0,62,109
417,Dalot,MUN,DEF,49,0,1.6,1058,6778
418,Maguire,MUN,DEF,48,-1,8.7,3725,70109
419,Martinez,MUN,DEF,50,0,1.3,3307,5823
420,Yoro,MUN,DEF,48,-1,0.5,427,1995
421,Heaven,MUN,DEF,44,0,0.3,199,1307
422,Mazraoui,MUN,DEF,44,0,0.5,516,2632
423,Shaw,MUN,DEF,43,-1,7.7,2999,71994
424,Amass,MUN,DEF,40,0,0.2,376,691
425,Fredricson,MUN,DEF,40,0,0.0,0,40
426,B.Fernandes,MUN,MID,119,-1,38.6,35884,182166
427,Mbeumo,MUN,MID,79,0,20.6,30619,119471
428,Cunha,MUN,MID,79,0,5.8,17806,19525
429,Rashford,MUN,MID,70,0,1.5,3971,15369
430,Mount,MUN,MID,54,0,0.0,155,173
431,Amad,MUN,MID,57,0,0.3,107,1604
432,Mainoo,MUN,MID,55,0,1.6,7179,12982
433,Ugarte,MUN,MID,50,0,0.0,20,23
434,J.Fletcher,MUN,MID,49,0,0.0,39,55
435,Lacey,MUN,MID,49,0,0.1,341,317
436,Collyer,MUN,MID,50,0,0.0,0,42
437,Bendito Mantato,MUN,MID,44,-1,0.2,320,751
438,Fletcher,MUN,MID,44,0,0.3,2337,1872
439,Šeško,MUN,FWD,70,0,1.6,6418,21576
440,Zirkzee,MUN,FWD,53,-1,0.4,1629,2828
441,Obi,MUN,FWD,45,0,0.9,0,10271
405,N.Gonzalez,NEW,MID,55,0,0.2,509,1737
442,Pope,NEW,GK,49,0,0.9,782,2840
443,Gillespie,NEW,GK,45,0,0.0,38,74
444,Jaouen,NEW,GK,44,-1,0.0,18,109
445,Thiaw,NEW,DEF,50,0,2.2,7600,8843
446,Schär,NEW,DEF,49,0,0.2,495,841
447,Botman,NEW,DEF,50,0,0.7,4232,2593
448,Burn,NEW,DEF,48,-1,0.7,86,5226
449,Hall,NEW,DEF,53,1,17.1,226728,16501
450,Livramento,NEW,DEF,49,0,0.1,417,1384
451,A.Murphy,NEW,DEF,40,0,0.1,0,260
453,Barnes,NEW,MID,61,1,5.6,144378,14287
454,Elanga,NEW,MID,61,-1,4.6,281,157487
456,J.Ramsey,NEW,MID,49,0,0.2,43,4374
457,J.Murphy,NEW,MID,59,0,0.1,832,680
458,Joelinton,NEW,MID,54,0,0.0,11,69
459,L.Miley,NEW,MID,55,0,0.1,425,392
460,Willock,NEW,MID,50,0,0.5,8814,2292
461,Touré,NEW,MID,58,0,0.1,292,768
462,Steur,NEW,MID,49,0,0.1,242,346
463,Woltemade,NEW,FWD,59,0,0.5,0,3277
464,Wissa,NEW,FWD,62,0,18.7,75474,130756
465,Osula,NEW,FWD,58,-1,0.3,108,2125
466,Neave,NEW,FWD,45,0,0.5,0,3503
559,Bamba,NEW,MID,49,0,0.1,117,442
567,Horníček,NEW,GK,50,0,1.5,6456,4314
593,Dedić,NEW,DEF,45,0,1.8,224,35084
609,Shahar,NEW,DEF,40,0,0.2,0,1693
634,Fernandez-Pardo,NEW,FWD,60,0,0.1,1616,1267
659,Miley,NEW,MID,45,0,0.0,1280,585
663,Pivas,NEW,DEF,40,0,0.0,342,45
664,Salia,NEW,FWD,45,0,0.1,8255,1228
665,Mills,NEW,MID,45,0,0.0,145,23
666,Thompson,NEW,MID,45,0,0.0,204,27
167,Delap,NFO,FWD,56,1,2.7,23612,26299
201,Muñoz,NFO,DEF,54,0,5.7,7150,27268
467,Sels,NFO,GK,50,0,1.6,1751,5525
468,John,NFO,GK,45,0,0.1,53,134
469,N.Williams,NFO,DEF,50,0,8.8,10067,41358
470,Morato,NFO,DEF,50,0,0.0,0,103
471,Milenković,NFO,DEF,54,-1,1.0,54,11066
472,Murillo,NFO,DEF,55,0,2.1,7259,7198
473,Aina,NFO,DEF,44,-1,2.4,964,18998
474,Jair Cunha,NFO,DEF,45,0,0.2,212,589
475,Savona,NFO,DEF,45,0,0.0,19,17
476,O.Richards,NFO,DEF,40,0,0.2,256,649
477,Abbott,NFO,DEF,40,0,0.1,0,724
478,Netz,NFO,DEF,44,0,0.0,50,102
479,Bindon,NFO,DEF,40,0,0.1,0,475
480,Gibbs-White,NFO,MID,80,0,15.7,57188,74402
482,Hudson-Odoi,NFO,MID,58,0,0.1,232,1070
483,Ndoye,NFO,MID,55,0,0.7,668,7552
484,Hutchinson,NFO,MID,54,0,0.1,0,307
485,Bakwa,NFO,MID,55,0,0.0,0,30
486,McAtee,NFO,MID,55,0,0.1,310,848
487,Dominguez,NFO,MID,49,0,0.1,56,273
488,I.Sangaré,NFO,MID,49,0,0.4,272,2751
489,Yates,NFO,MID,45,0,1.2,530,6736
490,Wood,NFO,FWD,58,0,0.9,1658,5892
491,Igor Jesus,NFO,FWD,58,0,2.6,6235,21341
493,Kalimuendo,NFO,FWD,54,0,0.1,194,371
558,Schlager,NFO,MID,50,0,0.1,188,693
581,Diomande,NFO,DEF,54,0,0.5,1348,2031
590,Benda,NFO,GK,45,0,0.1,112,209
112,Van Hecke,TOT,DEF,49,0,6.6,15772,24641
147,Tosin,TOT,DEF,44,0,0.1,87,503
401,Marmoush,TOT,FWD,70,0,2.1,8973,19698
403,Sávio,TOT,MID,65,0,0.7,2481,6121
455,Tonali,TOT,MID,53,-1,1.9,2002,13810
494,Vicario,TOT,GK,45,0,0.1,0,652
495,Austin,TOT,GK,40,0,1.0,1711,1964
496,Kinsky,TOT,GK,45,0,17.3,15101,102680
497,Dubravka,TOT,GK,40,0,17.1,23302,43268
498,Senesi,TOT,DEF,58,0,3.5,1034,19560
499,Pedro Porro,TOT,DEF,54,0,7.7,1579,67960
500,Romero,TOT,DEF,50,0,0.1,0,251
502,Robertson,TOT,DEF,44,0,2.5,4818,11403
503,Van de Ven,TOT,DEF,50,0,3.8,4991,18041
505,Spence,TOT,DEF,45,0,0.2,0,1041
506,Udogie,TOT,DEF,44,0,0.3,303,1471
507,Phillips,TOT,DEF,45,0,0.0,0,51
508,Davies,TOT,DEF,39,-1,0.9,6571,3387
509,Byfield,TOT,DEF,40,0,0.1,115,219
510,Rowswell,TOT,DEF,40,0,0.1,134,310
511,Souza,TOT,DEF,40,0,0.2,0,798
512,Kudus,TOT,MID,65,0,0.2,1964,986
513,Xavi,TOT,MID,59,0,0.0,43,73
514,Tel,TOT,MID,57,-1,0.2,176,1789
515,Maddison,TOT,MID,63,0,0.4,647,1811
516,Bentancur,TOT,MID,55,0,0.2,315,597
517,Odobert,TOT,MID,55,0,0.0,14,11
518,P.M.Sarr,TOT,MID,49,0,0.1,0,603
519,Gallagher,TOT,MID,53,0,0.2,730,577
520,Bergvall,TOT,MID,53,-1,0.1,87,557
521,Kulusevski,TOT,MID,65,0,0.0,60,55
522,Gray,TOT,MID,49,0,0.2,426,1082
523,Moore,TOT,MID,50,0,0.1,0,493
524,Olusesi,TOT,MID,44,0,1.0,5712,6996
525,Fernandes,TOT,MID,57,-1,0.8,404,6080
526,Solanke,TOT,FWD,58,0,0.8,1550,5120
527,Richarlison,TOT,FWD,59,0,0.6,0,5156
528,Scarlett,TOT,FWD,45,0,1.1,0,7346
578,Mudryk,TOT,MID,53,-1,0.0,19,514
601,Williams-Barnett,TOT,MID,45,0,0.1,152,699
501,Danso,SUN,DEF,50,0,0.2,1062,752
529,Roefs,SUN,GK,49,0,2.5,1899,10556
530,Patterson,SUN,GK,40,0,0.1,0,316
531,Ellborg,SUN,GK,45,0,0.1,120,222
532,Ballard,SUN,DEF,49,0,2.5,3522,13838
533,Mukiele,SUN,DEF,54,0,1.9,4688,7998
534,Hume,SUN,DEF,43,-1,2.8,1125,27631
535,Alderete,SUN,DEF,48,-1,0.2,205,976
536,Reinildo,SUN,DEF,44,-1,0.3,160,1481
537,Seelt,SUN,DEF,45,0,0.0,0,19
538,Hjelde,SUN,DEF,40,0,0.0,0,139
539,O'Nien,SUN,DEF,39,-1,2.5,15948,10358
540,Masuaku,SUN,DEF,40,0,0.1,0,575
541,Meunier,SUN,DEF,45,0,0.3,1479,754
542,E.Le Fée,SUN,MID,57,-1,3.4,10258,21842
543,Diarra,SUN,MID,54,0,0.0,9,186
544,Xhaka,SUN,MID,55,0,3.6,5596,21469
545,Sadiki,SUN,MID,49,0,0.2,371,1224
546,Adingra,SUN,MID,49,0,0.0,0,178
547,Mundle,SUN,MID,49,0,0.0,10,51
548,Rigg,SUN,MID,49,0,0.0,26,208
549,Talbi,SUN,MID,53,0,0.1,102,520
550,Jocelin.T,SUN,MID,50,0,0.0,26,36
551,N.Angulo,SUN,MID,50,0,0.1,465,708
552,Brobbey,SUN,FWD,57,-1,7.0,189477,33274
553,Isidor,SUN,FWD,55,0,1.3,2522,10723
612,Methalie,SUN,DEF,45,0,0.0,98,57
613,Ahoka,SUN,MID,45,0,0.2,539,1459
646,Fofana,SUN,MID,55,0,0.0,293,277
651,J.Angulo,SUN,FWD,45,0,0.7,7911,6617
